PC1,PC2,PC3,PC4,PC5,PC6,PC7,PC8,PC9,PC10,PC11,PC12,PC13,PC14,PC15,PC16,PC17,PC18,PC19,PC20,PC21,PC22,PC23,PC24,PC25,Label1,label 2,Label3,label 4
-11.53934851,-3.926534058,-1.775572763,-1.929377416,-4.257928992,2.990721818,-3.17237694,-2.461179008,-3.892931629,-1.424449703,-2.318273563,1.539285166,0.770040758,-1.374563532,-2.010668292,-0.979228966,-1.147312223,0.747642065,-0.947713009,-1.536934662,0.314040209,0.413677384,0.885028274,0.516296953,0.168412057,10,1,1,2
-10.82094618,-2.198891687,0.880893845,-3.186350584,-4.414851504,-1.392843168,4.618136899,-3.468386632,2.987196074,-1.905377982,-2.871417037,2.646334631,-1.716666719,-0.972633538,0.309201585,0.582996856,2.80750367,-0.552438146,-1.170584726,0.674739847,-1.525206012,-1.654684724,-1.182010299,1.277409596,-0.026512133,10,1,2,2
-9.708461344,-5.748383155,-10.26304797,13.2377683,6.913590491,3.741326999,8.336543492,-3.136182103,-4.398699133,0.321291426,5.411070297,0.275872533,0.033946172,-0.539911037,0.5289179,0.944619371,-0.055304919,-0.136266448,-1.17051373,0.073657763,0.010296236,1.433769836,-0.226347269,1.736929975,0.524158328,10,1,3,2
-11.07113998,-7.484147456,-10.2577455,7.169207658,6.231380042,3.88426115,8.16459366,-3.609907938,-4.386434734,2.301782422,6.424758802,-0.650753316,-1.092045174,1.104267804,-3.048198384,-1.768685466,-0.583225959,1.738011609,0.307446679,0.334629174,-1.67456272,-0.928427207,0.643307315,1.06731519,-0.703868952,10,1,4,2
-10.13506065,-7.537497542,1.120161851,4.251632756,-3.222650978,7.557879028,-2.745695667,1.083162506,-0.937467341,-1.199640675,0.88668697,0.809877882,0.88019547,2.783410965,2.323361528,0.795376271,0.143871924,-0.33614736,-0.648357725,-0.555014248,1.442285595,0.535015724,-0.788064047,-0.234843421,0.5599131,10,1,5,2
-10.49003279,-4.480355368,-1.954629258,-1.114028883,-2.766276019,3.951431558,-2.314753328,-0.415517694,-4.323479418,0.193774806,-3.684108725,-1.083694813,2.216781689,-1.702486266,-0.548530643,-2.804170002,-1.880749239,0.986548644,2.201004813,-0.341003841,2.178842511,0.524298777,0.138682038,0.635788726,-1.110398736,10,2,1,2
-10.08876978,-3.972038137,-2.525763163,-4.281979837,-6.87162098,1.567166722,2.650440204,-3.389773872,-2.212580968,-2.299465605,-4.862571891,1.599414967,1.020683849,-2.47339862,-3.659521583,1.162244794,-2.044273271,-0.26551733,-0.399485399,-1.165137886,1.230756222,-0.411633026,-0.78622761,0.677885747,0.514063643,10,2,2,2
-11.06904499,-6.641083092,1.551703566,0.709635335,-2.86475546,6.317402544,-3.517601369,-1.666551784,-0.277636455,0.906983888,-1.559884571,-1.528374324,1.282361739,2.85964976,-0.885256826,0.952294406,-1.935771884,0.808131084,1.334154681,0.370065478,-0.930967769,0.856211538,-0.937469787,-0.230053837,-0.84792451,10,2,3,2
-10.17783707,-7.583863159,-9.018094681,19.89225708,2.967807824,3.677332669,6.731433066,-1.985290863,-3.864454621,-0.443900745,1.13390954,0.702443617,0.962791608,-1.583158777,5.636754813,3.107365642,-1.217152414,-1.852396376,0.380272669,0.098073501,0.009290338,0.418946958,-0.333592942,-0.867400871,1.137694219,10,2,4,2
-7.31295483,-4.382670674,1.137900794,3.581704999,0.323817429,3.504224168,-0.189847332,-2.824519704,-2.431042587,3.927437102,-3.450608374,-0.270566881,-0.3942588,-0.916505907,2.574946249,1.350904143,1.303320956,-1.088506906,0.255836077,-1.863846006,2.010110503,0.47984995,0.480585531,-0.513546794,0.145710181,10,2,5,2
-11.05258979,-5.563305531,-0.42971239,-4.702104955,-7.009731366,-0.580153501,4.002139844,-5.207090103,0.87893803,-1.284061196,-3.95509153,2.321964089,0.213805699,-0.797797757,-3.701730202,4.903407805,-1.737626176,1.383231505,-0.116796177,-0.25076841,-0.720042878,1.278946326,0.231098052,-0.711778152,-1.582798082,10,3,1,2
-10.55102528,-3.905653417,-0.00666123,-3.791829237,-5.637032281,-0.364760612,3.841613245,-3.391806555,1.329273641,-2.795018306,-3.321089137,3.322430661,-1.086175336,-1.390598377,-1.495962747,1.027173412,0.461127643,-0.320478656,-1.400089969,0.103803385,-0.240034794,-1.160153084,-0.919522463,0.813009201,0.68399902,10,3,2,2
-10.35713292,-6.054060683,-7.770032483,9.321899471,4.741404976,0.147587202,5.626266763,-2.565780351,-4.289016338,2.561559146,1.538120277,-0.545403083,0.407988553,-0.219491295,1.656683098,0.741547672,-1.33520042,1.054652014,0.113767409,0.02399535,-1.055627729,0.377790694,1.004496731,0.712776778,-0.909088394,10,3,3,2
-12.58932119,-5.200460866,2.099204534,3.16116529,-3.82701667,6.138074379,-5.245732705,3.919158834,-0.595141288,-7.078973085,4.665896376,2.512430141,0.388086199,4.626323223,1.495723307,0.816092167,-1.096440441,0.759551273,-0.50964554,2.090058989,1.475297904,0.212357762,-1.021400768,-0.799885278,0.585576611,10,3,4,2
-8.897558053,-4.786571895,-4.507148324,6.582197301,3.867537193,1.156192059,3.207159105,-2.397516318,-3.109159531,2.060845949,-0.078383827,-0.069458316,-1.604423562,-1.471474411,2.062509993,0.963327836,-0.602504935,0.040431026,-0.387554592,-1.002990217,1.457320032,-0.129000781,0.392207271,0.517460989,-0.371259294,10,3,5,2
-12.40376805,-5.696218345,-2.241218072,-3.452634229,-5.41445533,-0.331664436,0.376537443,-3.242912114,-4.381498022,-1.89099773,-4.89252665,2.685973845,1.393601164,-2.607285622,-3.627244088,1.133393409,-2.194743523,0.189423145,-1.667260916,0.221724626,0.524722949,-0.383984132,0.018111401,-0.886632362,0.852830504,10,4,1,2
-11.07046562,-3.389901036,3.933995794,-3.852764934,-4.508172241,-3.640346301,8.654755832,-5.357345047,5.408388215,-1.629610777,-4.0059663,1.283935175,0.73044791,-0.465541871,-1.227795704,4.231172399,2.434835449,2.045004154,0.645240272,1.402295013,-1.227347705,2.00011739,-0.039810902,0.136578429,-0.866790188,10,4,2,2
-11.58267278,-6.474283584,-11.25992765,18.1943068,6.097821029,1.195306082,6.36442465,-2.924134356,-4.346006229,0.008033142,3.593579379,1.150634607,1.604712039,-1.280429832,3.216272514,2.531478135,-0.57327264,-0.872852307,-1.199486037,1.124097424,-0.533280766,0.44402738,-0.013292688,-0.09543085,0.36325297,10,4,3,2
-10.15074693,-1.936048942,-3.197042249,2.98345785,1.670706655,2.687321658,0.985695694,-1.31313116,-2.708955836,-2.472907549,6.844891593,1.550986363,-1.299896963,1.502392214,-0.79128298,-0.529488087,0.441308098,0.463101722,-0.734504088,0.711581165,0.982109312,-0.617728237,0.399040022,0.166577741,-0.353341819,10,4,4,2
-8.127704564,0.082165548,-11.86124068,13.3948159,7.285862165,0.93171811,6.802218574,-4.604314553,-5.460599935,-1.15294549,8.013013168,0.643559581,0.258963867,-0.152687733,-0.401724298,1.486376406,0.791982323,-0.673017504,-0.743644464,0.032813,-0.315777031,0.834095227,0.594187497,1.131172768,0.36222052,10,4,5,2
1.113553536,-10.8983898,-0.605226277,-2.795973605,-3.101268515,0.963664796,2.005045131,-0.907195735,-0.671204424,0.115080711,-2.619988319,2.052443228,-1.589393537,-1.617304396,-0.074836499,-0.867861828,0.417555497,-0.578852152,-0.773825293,-0.772520169,-0.627102935,0.307043042,-0.368422334,1.073614877,-0.301667045,10,5,1,2
2.065962212,-9.682842628,1.22531859,-2.315929018,-1.999624124,-0.019369354,3.382471957,-0.917572145,0.764673828,-0.58792728,-2.683725418,0.409103126,1.208037137,-1.376906221,0.218440503,-0.204185068,1.053087296,0.181036664,0.974577311,0.871060913,-0.042748194,-0.633361864,-0.788347757,0.595467878,-0.498925372,10,5,2,2
-0.603655804,-12.65594592,1.765947236,-1.328117473,-1.890661472,6.077241849,-4.091537344,-0.550241058,0.39807077,-0.957251901,0.353758406,0.353960355,0.340973459,3.626540797,-0.71923521,-0.736446733,-1.99571172,0.631876754,0.178895856,0.778530299,-0.852458363,0.317061824,-1.446085594,-0.362890078,-0.685766752,10,5,3,2
-0.905634918,-16.64425054,-4.170530226,13.11127019,0.832714787,3.122592217,4.289613028,0.755478954,-1.600501985,1.30897388,-1.827667819,1.224000979,0.567371315,-0.559908266,5.20535434,2.149732412,-1.568840201,-0.294945817,1.447618402,-0.151715296,0.008559127,0.078596713,-0.621665971,-0.911813435,1.054498514,10,5,4,2
-0.687056148,-13.12669361,-3.034913168,7.347929653,2.501687072,1.402491336,4.617895036,-0.444916847,-2.868177909,1.051117997,-0.22875346,0.558270068,-0.667022588,0.001811117,1.661976835,0.61856938,-1.312143271,0.783216586,0.507697385,-1.071680666,0.74579975,-0.052569341,-0.630052596,0.183694447,0.042963646,10,5,5,2
-9.272546977,-6.000904325,0.574837707,0.040307849,-0.606298752,0.918273504,-2.899041523,-1.655072384,-2.315625679,1.759670396,-2.542280067,-0.069479399,1.044280703,0.018492833,1.146246475,-2.475768501,1.468002619,0.621989391,-0.77936025,-0.266690413,-0.833219173,0.3867419,-0.264683141,-0.260031263,0.790057333,11,1,1,2
-7.98351183,-4.991818711,1.997520265,-0.000727846,-0.401811762,1.63748108,-3.702930181,-6.326137055,-2.180025614,5.088743288,-2.904251689,-0.766007862,-0.915581866,0.809178319,1.319971998,-1.534236381,0.202233317,0.269934766,-0.36582916,-1.931435917,0.39602101,0.548437416,0.144906214,-0.879787553,-1.170579058,11,1,2,2
-7.174417713,-8.207695107,-13.84687867,-0.434806413,0.537924821,-6.076254128,-5.031267218,2.03646748,4.39146146,2.845501803,2.220372623,-2.059057651,0.226103558,-0.720155708,-0.548912964,1.163930278,0.595289903,0.513210464,-0.840354514,-0.573206115,1.130783268,0.88075717,-0.849498929,-0.386081539,0.019707932,11,1,3,2
-6.844208202,-6.623912862,-13.43901986,-0.787436093,-0.573307984,-6.078685874,-3.383797396,-0.507892512,4.033980134,0.945823004,1.569506065,-0.653085579,0.320094545,0.239178065,0.093692083,0.737882221,0.719818365,0.558131056,-0.167533319,-0.695111839,1.297569773,-0.709511726,1.219040175,-0.273787304,-0.263895586,11,1,4,2
-5.707151007,-5.423038759,-6.54884815,-1.221655131,-0.356522285,-3.466641203,-1.778652068,-3.125306418,1.121376655,2.70752009,-0.488949926,-0.931343061,-0.771684862,0.487315092,0.557379508,0.336579555,-0.540661422,-0.280025365,0.412051916,-1.016051456,0.674125144,-1.044119887,0.566003949,-0.794662368,-1.043793911,11,1,5,2
-6.636369902,-7.838645418,2.184571965,-0.287338955,-2.16563028,5.06118169,-7.310818932,-7.167069979,-1.935110615,2.657941016,0.746918619,1.352713814,2.504019432,1.898620608,1.211848943,-0.366568811,2.836686322,1.04879254,-1.231544996,-1.376025176,-1.161914719,0.017406156,0.99806336,-0.5924989,0.421308155,11,2,1,2
-6.911434411,-7.452291451,2.387782554,0.322284541,0.53737248,-0.223951247,-1.557882611,-1.242261433,-2.065908112,2.12332696,-2.411736018,0.318541479,1.325693251,-0.261361709,1.019221117,-1.609061024,1.433182261,1.20709483,-1.323485007,-0.359987562,1.034021603,-0.162721545,-0.356282235,0.367047682,0.226280321,11,2,2,2
3.372403836,2.414596677,-0.310216746,-0.043646517,-1.895544599,-2.070771007,-2.526279595,-0.08982739,-0.011109874,-4.955667919,2.895972614,0.787387795,-0.535924256,-1.618174647,-1.843099425,0.317114865,-0.859333109,-0.58390878,2.008249447,0.579008041,-0.461903126,1.191688518,-0.257753068,0.131131535,-0.451115475,11,2,3,2
5.358221665,1.911288217,-1.289716698,0.627489182,-1.017979364,-1.829873629,-3.897476378,-3.82919613,-2.866008597,-0.372761371,-0.329834849,-0.523567458,3.187642647,-0.766138117,-1.079652913,1.85819569,1.341421173,-0.893926236,2.140201575,-0.23476997,-0.744172478,0.809241811,0.949054464,-0.58972949,-1.539315264,11,2,4,2
4.70496715,1.632496432,-7.182545332,-3.99147875,-1.916267991,-6.671510422,-0.53396967,-3.729196914,2.872464387,0.179569073,6.094416255,-1.614391354,3.608944182,-0.690437117,0.030896308,-1.123446956,-1.491199969,-1.798387436,-0.257653914,-0.196281929,-1.084778118,-1.099711688,-1.116054124,-0.61222473,-0.804198115,11,2,5,2
2.019096299,-11.82311091,0.37729115,-0.719898105,-1.396190009,2.856704446,0.357901374,1.153429996,-1.38131692,2.782549114,-2.843549274,-0.791795905,2.21561938,-1.67093272,0.190958419,-0.373232326,0.039809787,0.09652008,1.930476476,0.307772746,-1.151881465,0.274605243,-0.148759881,-0.010596205,0.210629711,11,3,1,2
2.646858434,-10.41864852,1.724452064,0.15227951,0.544528352,2.517737849,1.305893117,1.928431808,0.919079349,2.859362742,-2.180470106,-1.063119229,-1.147084322,-1.580237548,1.504202104,-2.195667063,0.49023563,-0.692317937,1.320848339,-0.130725797,-0.865653703,-0.273488825,-0.573605779,0.848030658,0.035718745,11,3,2,2
2.2304947,-12.65063005,-11.36338042,-0.731638776,-1.305339629,-2.026306063,-2.438230022,2.204006907,2.721122229,2.455857366,-1.674961723,-1.872052787,-1.092516474,0.308699374,-0.22066789,0.680558023,0.333867435,-1.391640806,1.190980055,0.118513987,0.017610157,-0.691989024,0.555301465,-0.478259696,0.683866404,11,3,3,2
2.81228554,-14.30672951,-8.655377337,1.868001525,0.477283065,0.667021267,-3.252169436,4.646001279,2.754373799,3.426959151,-2.70423462,-1.390572828,-1.978114163,-0.100883576,-1.374637223,2.377079985,1.006677332,-1.306049485,0.771513962,-0.373845676,0.630843177,0.437807098,-0.739173965,0.585969611,0.336385783,11,3,4,2
3.765612258,-13.1480106,-8.615352339,0.000179279,-0.420589679,-0.340021783,-1.969809755,3.946193516,2.32612831,2.405679593,-2.012413778,-1.647094951,-0.647252877,-0.0504854,-0.099643812,0.99496286,0.757106418,-1.761327978,0.834054753,0.354988216,-0.568676065,-0.710280729,-0.277185362,-0.144841719,0.649595797,11,3,5,2
-2.689950022,6.186582171,0.276326445,1.937037629,-0.274015626,-1.676207163,-4.61111803,-2.043906135,-2.982879587,-2.412154896,1.459991857,0.962856339,1.627019817,0.836810547,-0.201817705,-0.71606063,1.77040732,-1.660054507,-0.45977617,-1.716020816,1.186490751,-1.194563871,-0.855311756,1.165132495,-0.39273935,11,4,1,2
-5.30309164,4.199636275,1.770011847,1.363827946,-2.110546978,3.011400247,-7.649915166,-4.077701688,-1.372138669,-3.298836239,4.141714893,1.694597645,1.274538703,3.248331009,0.579634695,-0.465224566,1.829429779,-1.040597016,0.090937207,-0.631369285,-0.483670778,-0.766109705,0.876376534,0.339930753,-0.237113081,11,4,2,2
-0.354264486,2.91004561,-11.97268038,-4.765462432,-1.802630694,-9.510718329,-2.902892376,-2.92242963,5.243373184,0.872138727,8.744281853,-1.769098847,3.795256958,-0.515065365,-1.478483916,-2.177815344,-1.801195308,-0.619095251,-0.141897442,-0.377650841,-1.093899366,0.708992948,-0.041298264,1.450484006,-0.019915941,11,4,3,2
-1.998872899,1.880092651,-7.463864818,0.111115461,0.500003788,-6.15801637,-3.682105131,-1.588901541,2.519784588,-1.780651255,3.781574909,0.833657364,1.176295391,1.200117506,-0.48226743,-1.184387002,0.206302731,-0.847339991,0.09133516,0.459062606,-0.368911164,0.525662363,0.619523424,0.437149585,-0.007250334,11,4,4,2
2.426473237,3.518986824,-1.460364588,1.634207341,-1.091041951,-0.577839514,-6.775363748,-3.361235693,-1.383503864,-2.392899712,1.585905384,1.55864561,0.541108003,1.408895588,-0.676241624,0.854842506,1.74519071,-2.203638355,1.172245462,0.335515214,-1.494937526,0.706133668,0.486578029,-0.136049935,-0.468554926,11,4,5,2
-4.442734711,3.887026928,-1.722463355,-0.704426607,-5.264818264,6.201235593,-0.199287274,2.476833738,0.011551895,-2.452082851,-0.897729834,-3.442346192,0.101090861,-1.655196272,-0.830005546,-0.560046091,-1.443184166,0.344188472,2.288465318,-1.171889141,-0.959352585,0.856073417,-0.074777415,0.806900702,-0.804611417,13,1,1,2
-4.382863966,4.661267372,-2.677011939,-1.496749219,-5.419165067,4.933980219,1.94915431,1.308067896,-0.484128205,-1.751258483,-0.728619889,-3.230429672,-0.609946576,-0.026471445,-0.24036168,-0.021851231,-2.320350159,-1.883154448,0.887230237,0.383243696,-0.06695427,-0.951617301,0.240385776,-0.232123202,0.05342029,13,1,2,2
-2.831809527,5.695165487,-8.657440033,-11.14625119,12.69628603,8.831016458,7.34594878,0.256942566,-1.990376681,0.987109245,1.390901461,-1.823496899,-0.77388915,0.598188154,-4.445390043,-1.0889948,1.388622883,-1.056577464,0.486134277,0.85042029,-0.040034609,-0.766754723,-0.395294681,-1.006138348,-0.31060677,13,1,3,2
-7.351212791,1.398280054,1.617528705,0.701102916,-6.610472702,12.5496015,-3.591374817,4.171955918,1.494639264,-5.588330567,5.052320759,-1.001806675,-0.320446223,3.482379867,0.184585564,0.435794414,-1.61198692,-0.613668632,0.751481156,0.809940439,-0.178829722,0.451773963,-0.692081525,-0.115316012,-0.521582389,13,1,4,2
-6.621425385,1.028434549,0.652906503,0.824745284,-5.442972503,11.42723182,-4.047004666,2.250217606,0.437398378,-2.940611159,3.010178071,-1.333829469,-0.306574188,2.813220259,0.968513477,0.124999994,-0.949742944,-1.339123233,0.676178069,0.329361457,-0.333827623,0.494450278,0.009769804,-0.212088393,-0.459691478,13,1,5,2
5.223054899,18.77970109,3.149802819,2.968006311,-1.899426878,1.377792381,2.836591372,-3.42685769,5.764990763,-3.99152432,1.796711466,-1.761845846,-1.225390309,0.983614476,2.087390793,-1.22558668,2.34304981,-1.469456097,-2.398799551,1.263666112,-0.669180029,-0.158432907,0.659674811,-1.775139162,0.125840764,13,2,1,2
5.342467066,19.18736286,6.188067092,6.299269126,1.115564738,2.308412734,-0.524736364,-3.355016089,3.879344822,-2.293253528,-0.060973178,-3.546002419,0.751593777,-0.289105207,-0.999218894,0.047665897,0.142647847,-0.458833194,-0.842553366,0.752567421,-0.260327764,2.548309566,0.805947449,-1.921406986,-0.749015651,13,2,2,2
10.25255538,20.11730552,-2.939268656,-19.55461886,6.510101454,0.929572651,-4.999628241,1.157796433,1.944968467,-3.44624694,-2.999169684,1.795887583,2.086104819,-1.942757028,7.09829668,2.559903915,-2.478798299,0.108204724,-1.228567361,-1.058471236,-0.500466126,0.832423196,-0.341134477,1.823339987,0.126933569,13,2,3,2
10.27392751,19.41248962,-2.042759578,-17.95593057,5.680348901,1.344368921,-5.3972946,1.504077136,2.616417903,-3.202524982,-3.731373959,1.717056986,2.78280105,-2.147839356,7.791700929,3.326280382,-2.826811625,-0.698597342,-1.749807138,0.495884223,-1.565611546,-0.04751335,1.073354745,1.794452842,0.083182691,13,2,4,2
9.820506784,17.59860172,-3.973870202,-10.25076788,3.003896495,1.883542413,-2.142092401,0.676805869,-0.330537927,-3.798193781,2.840900729,0.85024746,-0.020852744,-0.102414882,1.909770376,-0.313170479,1.045385962,0.228054022,-0.717739838,-1.06564633,1.409577707,-0.241968784,0.196119099,0.0895964,-0.197056833,13,2,5,2
-11.69891191,1.761328316,-3.487362867,-2.145763145,-5.578471028,1.828360774,-0.195197708,-2.608635036,-3.236086799,-1.54817993,-4.041945684,0.503640671,1.236608992,-2.824721326,-3.243531287,1.626791326,-2.844334227,-1.326895661,0.241615243,0.511306429,-0.822611114,-0.599237141,1.963760536,-1.204215904,-0.036603593,13,3,1,2
-11.4003658,3.12935454,0.475308474,-1.22602675,-4.411421326,4.984194874,1.660519695,-2.272141847,4.286319032,-0.705575838,0.607348545,-0.119250464,-2.110113656,0.527851937,2.490429683,-0.545432487,3.527570224,-0.923959854,0.374797205,-0.007594677,-1.261635555,-0.255496749,0.357968149,2.1873215,-1.164460596,13,3,2,2
-6.538353068,7.599486569,-6.795439768,-18.29228231,15.06155169,5.338179173,2.210467386,0.056080938,-0.798635328,-0.029195511,0.192543951,0.58765691,-0.2761106,0.235273113,-1.843326837,-0.32869199,1.028605846,-0.586016127,-0.254636996,0.665000782,0.227966387,-0.243722133,-0.552652772,-0.919623074,0.000602292,13,3,3,2
-6.63642258,7.174444336,-6.795756433,-18.61092727,14.21615883,5.353949228,2.500252763,-0.288584636,-1.497815931,-0.018993492,0.428012943,0.446999028,-0.686648193,0.889321717,-1.576369187,-0.479442843,0.803702874,0.474042901,0.87344237,-0.182105929,0.490540813,0.451477943,0.261794071,-0.475361241,0.246799091,13,3,4,2
-5.908347531,6.795550029,-4.349880278,-13.49615932,10.94875884,4.474315042,2.056317002,0.156657795,-1.07594248,0.184479456,-0.029730804,0.033249357,-0.899358891,0.603526978,-0.90036224,0.326717715,0.560370429,0.054824031,0.838507071,-0.539915602,0.565940706,0.677462953,0.536021848,-0.401320937,0.413562376,13,3,5,2
-7.358356879,3.539133179,-2.509051805,-3.099132654,-5.952060649,-2.062017924,-0.011750989,-4.395481289,-2.18368535,-5.301842514,-1.950893743,4.930316462,-0.047899773,-2.478697892,-4.091055334,1.0163893,-0.534642962,-2.136074765,-2.243662005,-0.026122622,-0.037322544,-0.794083538,-0.102518587,-0.206365954,1.333385367,13,4,1,2
-8.706833451,3.15535474,5.237351205,-1.44996495,-2.94202827,-2.201074004,4.602276029,-7.883307037,7.531055072,-1.00456676,-0.048722058,1.010321355,-1.41203901,3.341120146,0.766167909,3.182857914,1.990040365,-0.312468958,-0.579776844,0.513843057,0.551591762,-0.838882082,-1.239874091,-0.457247092,-0.272858044,13,4,2,2
-4.450805424,6.942312117,-1.099205913,-19.70951825,11.99014569,-0.071004852,-2.272708066,-0.504376639,0.766612677,-0.192244404,-1.601641314,3.311620236,1.013144016,0.990185961,1.496884263,1.436935388,-0.872488759,0.686103654,1.13669351,0.544683554,-1.154033681,-0.543431026,0.527674342,-0.66021512,0.30155766,13,4,3,2
-5.456236608,1.080363088,1.25304494,0.241557778,-3.645917891,0.471125785,-1.741518816,-0.797979608,2.465779021,-4.895928973,4.317370906,2.393016578,-1.903771269,0.263329709,-0.904441916,3.745896837,-0.317508735,0.293505237,0.009510285,-0.877046433,0.350510154,-0.770184626,-0.181873414,-0.900861226,0.629339296,13,4,4,2
-2.848334214,5.289832085,-1.01835829,-14.30183528,9.968115439,0.497823201,-1.953755651,-0.373568742,-0.007467851,-1.27397919,-1.550528716,3.130858078,0.813548435,-0.107267149,2.414663734,2.347950116,-0.479822961,0.492883186,0.228807798,-1.062068488,0.398251811,0.737553392,-0.648913346,0.286481777,0.595938018,13,4,5,2
-7.367315748,2.1050632,3.637907899,-1.295442894,-4.103063202,2.580069734,6.446504052,-3.784213299,5.938997865,-1.22281383,-2.931561818,-0.939253026,-0.256734967,0.126746776,0.279045063,-0.114583478,1.130652431,-0.781890234,0.076281234,-0.037816198,0.497106482,-0.210238879,-0.443488198,0.949529051,0.426412933,13,5,1,2
-8.159537563,1.206689599,-1.543835611,-2.903606766,-7.111275219,4.878439392,2.162123257,-1.672944589,1.370338056,-4.119957374,-1.070479297,0.982150032,-1.008177449,-0.770291079,-1.453018574,-0.442326958,-0.474685721,-0.732249504,-0.240755623,-0.834884277,0.507876196,-0.354198522,0.427267723,1.692251931,-0.28613658,13,5,2,2
-4.85102211,0.819751201,-0.986888239,-1.859192041,-5.24107639,5.031166475,-1.312026532,-1.741794319,1.107690404,-2.265853209,1.271801853,-1.362732976,-1.059973541,0.489405576,-1.439828896,3.09995893,-1.833274288,-0.629238951,0.287095603,-0.979523486,0.390849645,-0.254068472,0.377098038,-0.404484683,-0.76842377,13,5,3,2
-5.708417464,3.369707236,-7.920971854,-14.83548059,14.80459977,7.060099497,4.938438829,-0.172322787,-1.573351694,1.182412388,1.137937687,-0.090782128,-0.892070397,0.934992457,-3.565137248,-1.139309651,1.11626267,-0.504597095,0.162644172,0.625681713,0.498745968,-0.349202134,-0.899135757,-0.759864697,-0.010067918,13,5,4,2
-3.943239484,6.690077275,-6.388642307,-13.88114845,11.34629687,5.756796815,3.242980019,0.245221153,-1.314149503,0.355619701,0.359002665,-0.971256638,-0.745411102,0.578948456,-1.308862078,0.06086139,0.507298342,0.043178668,0.522043182,-0.721802364,0.478851077,0.584830285,0.272118593,-0.417763972,0.093376409,13,5,5,2
-7.512806381,-0.395121472,2.110136217,0.685294483,-2.254378195,3.804071333,-5.04927938,-1.110529375,-0.203377857,-2.573217602,3.242937812,1.895500849,0.966264935,2.071827558,0.85296386,-1.068712101,1.260191149,0.272041554,0.25922468,0.084152243,-0.500688644,-0.801603169,0.845295523,0.676449631,0.050005669,14,1,1,2
-6.749888829,0.123219213,0.767066722,0.393972407,-1.367445775,-0.351867926,-2.671758289,-1.044938315,-2.198707236,-1.404381926,-0.081812462,0.978318121,2.343963761,0.834597173,-0.744147833,-0.520183071,1.177977867,0.243975522,-0.56490449,-1.478891167,0.931522342,-1.471200321,-1.076987429,0.858876246,-0.205887774,14,1,2,2
-9.973138083,-9.270673102,-13.49292046,-1.641804657,0.309180223,-5.971762801,-3.742956666,1.623310936,5.735384179,4.251303891,2.852910881,-2.423705496,0.721566027,-0.702974492,-0.400226092,0.549850305,-0.643309338,1.246113627,-1.428105344,-0.257610266,0.802075992,0.319040799,-1.845699556,-0.454874227,0.139781409,14,1,3,2
-6.292959516,-3.915914921,-12.29711584,-1.022171473,-0.437515984,-5.749740871,-2.636887245,-1.506662584,4.668047941,0.925440993,2.433461152,-0.754880349,1.449469774,0.218590499,0.170966594,-0.230356614,0.105415021,0.473368231,-0.010356573,-0.501231924,0.853653873,-0.664446578,1.023884419,0.094725858,-0.041987598,14,1,4,2
-7.339337135,-6.041890343,0.698377313,1.95224298,-0.085234336,2.288280586,-5.059168352,-0.991309753,-1.67349623,1.74907426,-2.925231795,0.219770965,0.395233288,0.62519464,-0.329841611,0.342700424,1.154996551,0.600899382,0.127581807,0.509155032,-1.695493617,0.582844378,0.091571806,0.062587879,0.33033254,14,1,5,2
-12.06211628,-4.967061613,1.842384667,-0.318307836,-1.739719959,2.866470307,-3.328042219,-4.71826294,-1.676037003,3.422311131,-2.518487149,-0.660940412,-1.105136855,1.38500948,0.729336419,-1.602456995,-0.314762616,0.511159505,-0.64707222,-1.697980996,0.231835637,-0.127688322,-1.424922989,-0.779252276,-0.36534793,14,2,1,2
-11.8554734,-6.077026261,0.456069554,-0.08998792,-1.198496499,2.186907573,-3.023064683,-0.95062681,-3.002819896,2.258511525,-3.313955161,0.14118016,0.799576609,-1.081217073,0.405236526,-2.053632427,1.365902222,1.205663847,-0.295122948,-0.374953147,-1.308780063,0.808068715,-0.485604795,0.164795534,0.634654487,14,2,2,2
-9.1766357,-2.489266153,-1.233860362,-0.555683908,-2.791222823,-1.840402123,-3.22517586,2.295045156,0.459548292,0.50291729,1.908690389,0.651033007,-0.347540455,0.196435904,0.119602519,1.011667041,-1.214044266,0.14941401,-0.389956363,1.393019086,1.445954463,0.881766449,1.55804632,0.964332062,0.580577236,14,2,3,2
-11.07171887,-7.530838308,-5.714712224,2.226337638,0.424876993,-0.434883353,-3.584592333,1.70917824,1.10686747,1.443666732,-3.662199986,0.142155308,-0.841079214,1.492345932,-0.885930839,0.549338184,0.901475324,0.591497177,-0.670700126,0.939250091,0.23436221,0.447110687,0.846360019,0.077247213,0.826954479,14,2,4,2
-10.2780303,-5.00959333,-8.658377564,-6.357725866,-4.115098125,-6.157764102,0.301369651,-5.75131256,3.907586689,3.412223648,3.619854231,-1.521827431,2.070904395,0.260428052,1.043945557,-0.772417914,-3.086233279,0.261498275,-0.360446773,0.561535766,-1.374979884,-1.616011756,-0.549340315,-1.313669939,-0.59754887,14,2,5,2
-11.72749894,-4.081905656,1.162603915,0.102579356,-1.652970371,4.209090005,-3.194878491,1.017786731,-0.245414032,-0.490086014,0.077578397,0.870002696,-1.14863937,0.186565588,1.184567982,-3.580524088,-0.027773666,0.651073659,0.872136392,1.156998731,-1.440300438,0.648393866,-0.983637444,0.313108265,-0.005301614,14,3,1,2
-11.37217925,-5.16500268,2.053458228,0.521286459,-0.919583001,2.061264845,-2.278059852,-0.018548284,-1.417755654,1.763314537,-2.065915076,0.192468293,-0.96102262,2.123096896,0.546990077,-1.352962637,-1.154559018,0.517714978,-0.595992929,-0.988127802,0.339736342,-0.910622765,-1.808319416,-0.261237757,-0.499179611,14,3,2,2
-9.418013803,-3.360588519,-4.661683053,2.228842624,-0.121310912,0.781236878,-4.316909561,0.218219153,0.539130162,0.433992047,-3.149799309,-0.393066247,-1.54453161,1.468298206,-1.189247328,0.077556932,0.435986151,-1.015252966,-0.237423132,1.015182817,-0.234656129,0.40387239,1.030700993,-0.057148422,0.496404498,14,3,3,2
-10.45735169,-4.971978699,-0.110177353,2.825337597,0.496978662,2.627777315,-4.306884153,0.931134845,-0.717906211,1.950556166,-4.093268703,-0.220398726,-1.011113623,0.712570085,-1.011996016,0.152482355,1.054593802,-0.078429521,-0.121104312,1.167842987,-0.628769505,0.903606013,0.498167007,0.259252106,0.571197588,14,3,4,2
-8.822805081,-3.908188405,-0.6677439,0.383371433,-1.071512826,1.942261974,-4.18694906,-2.855926251,0.129063005,2.201895292,-3.043247139,-0.406190501,-1.105103345,1.531547786,0.848880958,-0.655282781,-0.129708937,-0.74518519,-0.020727627,0.810047638,-0.741462935,0.814667155,0.981563773,-0.797041264,-0.419098475,14,3,5,2
-10.12846018,-3.770258739,0.824548702,-0.02241983,-2.109216809,3.320732977,-2.403360056,-0.799633079,-1.160827819,1.440693622,-0.855770484,-0.397350702,0.517405346,1.264680363,0.800332675,-2.037386451,0.33884783,0.540775237,0.316980181,-1.165579979,-0.476632889,-0.369316853,0.158047047,0.529215062,0.241861727,14,4,1,2
-9.541217323,-2.75647444,0.761514048,0.160002042,-1.281761758,3.030690643,-1.479896749,1.49212046,-0.77793513,-0.445956595,-0.909375396,0.15443858,0.298041505,0.745997044,0.810391584,-2.11155931,0.158071154,-0.077139493,-0.354680801,0.741783023,-0.020984124,0.676255683,-0.158092579,0.737685558,-0.197604798,14,4,2,2
-9.169817959,-6.01532292,-15.12996643,-1.488406768,-0.993282209,-5.009289805,-3.18566778,1.167197519,6.960052743,3.123986279,2.260567338,-3.111408889,1.065973244,-0.079808421,-0.895813148,-0.243895942,-0.222510909,-0.048360512,-0.260112635,-0.128732843,0.205267387,0.644912287,0.684979406,0.687747247,0.787282244,14,4,3,2
-9.392466864,-7.732411854,-16.18195534,0.625360119,-0.649734577,-2.98233963,-4.166710853,4.275325678,4.816085224,4.151512098,-0.657196504,-2.677361496,-0.548828154,-0.805604614,-0.433048971,1.988645013,1.227928731,-2.215458988,0.086998121,0.403152454,0.590718306,-1.103372669,-0.858654775,-0.757839456,0.814187055,14,4,4,2
-8.247629987,-4.11469581,-1.484171458,-0.656000803,-1.881622771,-1.102991731,-0.153218172,1.112649154,0.112205574,1.269094438,-0.682803578,-1.140596078,0.092125497,1.288711412,-0.571234761,0.520775641,-2.292959885,-0.231490209,0.134629849,1.415791923,1.275264633,0.112607904,1.330188691,0.843407582,0.77537875,14,4,5,2
-10.59428981,-3.138500166,1.803463884,0.284959876,-1.453552906,2.583822493,-2.493143024,-0.970651601,-0.93429758,0.964044826,-0.613097881,-0.219655621,-0.280244999,1.944463571,0.934856321,-1.914216655,-0.195347697,0.353115667,-0.089753879,-0.969773156,-0.25562213,-0.371721128,-0.078587718,0.320531278,-0.211757193,14,5,1,2
-11.17785846,-4.754526202,-0.612604111,-0.499206929,-2.321826434,2.842284348,-1.865729197,-0.492067809,-1.187990651,1.459829974,-1.731041974,-0.762537387,0.607616205,-0.570000246,0.46561608,-1.588805876,0.611862292,0.478218479,0.717189641,-0.872320515,-0.916076909,-1.486414433,-0.816685274,0.432839002,0.23831467,14,5,2,2
-10.78912494,-7.012345955,-15.41784971,-0.573644303,-0.18160348,-4.851982309,-4.816247968,2.305294596,5.78492201,3.767202552,1.548832204,-2.887474288,0.106830006,-0.693617992,-0.703690807,0.813299409,0.336991937,0.118238407,-0.340553617,-0.26175213,1.053546598,1.11708799,-0.151288745,0.081023626,0.16553058,14,5,3,2
-9.346363022,-5.945969973,-4.714610291,2.445050878,0.252157405,0.377058434,-3.530582225,1.649768264,0.567647292,1.065432282,-3.704959231,-0.400186353,-1.072744421,1.462437271,-1.136974107,0.49558212,0.718374244,-0.161526909,-0.352380112,0.695309575,0.046915109,0.673230739,0.947282823,0.293450726,0.791586383,14,5,4,2
-9.832684739,-5.640324121,-5.430895485,-0.285085448,-0.830558573,-1.247022518,-0.90048418,-0.70086345,1.851079377,2.073251361,-2.643538366,-1.365475139,0.272763557,1.684641052,-0.043518634,-0.446092632,-0.381666562,0.349549129,0.326560149,0.090757218,-0.040652618,0.281189956,0.786782169,-0.252800356,0.075951013,14,5,5,2
-12.29755172,4.248451324,1.613910506,3.240986515,1.132003224,-7.92572845,3.206280759,5.35720515,-2.52891647,-2.781619998,-0.090592143,1.09939982,4.24917806,3.476626713,-1.365102932,2.311389045,1.646066043,3.36091264,0.661642241,-1.673553597,-0.934698068,-2.077827976,1.370137164,-0.204710957,1.108036917,6,1,1,1
-12.29701482,4.803854905,1.482323303,3.807121934,1.564678889,-6.261083556,0.704168559,3.641137507,-1.088974408,-1.78087379,0.948384744,2.508333877,1.496562439,1.499661056,0.899189573,1.065356711,1.523740644,2.124334794,-0.088489802,-0.449053666,-0.07642043,-1.010985576,0.068244603,0.218881667,-1.077424967,6,1,2,1
-0.945747591,9.571862353,15.34873602,6.140394573,5.152921371,-2.424155927,0.876830698,-6.128251727,8.281342206,-0.991880089,1.110794202,2.09300426,2.224091887,0.966033249,-0.569160616,-0.996637706,0.723769257,1.120299724,2.001200066,0.184597874,1.610862936,-0.29066381,-0.312110748,0.511115948,1.041129149,6,1,3,1
1.042397524,9.370469494,11.54110471,8.788832947,7.023306212,-2.245157865,-4.546003641,0.506076659,-1.417004688,0.971333872,-0.148626756,2.045133535,1.198388986,-0.639764863,-1.716134126,0.116442864,-1.207381082,-0.480807077,1.546200202,-0.645512225,-0.854326747,-1.431339314,-0.149930314,0.735540595,-0.086280936,6,1,4,1
4.977452344,10.04412165,1.412003402,2.191751086,2.01534998,-7.459153661,-0.246220027,-4.120109052,-1.087611825,2.011908986,-1.409640593,2.314113674,0.26043283,0.634136043,0.152217345,-0.537082682,0.631408881,-2.774981511,2.9581112,0.752924992,-0.374199767,0.106790575,-0.346178962,0.488987895,1.777328774,6,1,5,1
26.41458605,-16.8768738,1.651396042,-0.94234096,0.653927827,-0.646622213,1.169113876,0.579582308,-0.353122739,-2.078722252,0.233726366,-0.550934323,0.523607215,0.416195491,-0.255277792,0.003990651,0.155473678,0.038571785,-0.290126364,-0.339865321,0.039855242,-0.04283621,0.153483431,-0.089130148,-0.096283277,6,2,1,1
26.51812292,-16.87249464,1.581214135,-1.07981676,0.657666537,-0.655409339,0.928174235,0.296585017,-0.310943843,-1.784027562,0.085913485,-0.451518478,0.416641465,0.282830753,-0.147971382,-0.130074644,0.132223928,-0.145327531,-0.336143393,-0.167443296,0.164952898,-0.060516729,0.224122815,-0.048127319,-0.169463475,6,2,2,1
26.50142604,-16.81205149,2.977282708,-0.487882969,1.308714165,0.205970474,0.349814799,0.010487816,-0.021486152,-1.478791749,0.283782193,-0.503926054,0.540062945,-0.118171828,-0.174112711,-0.207260914,-0.040341709,-0.119983891,-0.23095057,-0.137648598,-0.034101761,-0.128150281,0.290291533,-0.165809982,-0.116635487,6,2,3,1
26.35789708,-17.10504871,1.587308378,-1.111727624,0.611588132,-0.242540871,0.613912133,0.091471192,-0.206485492,-1.90009838,0.224558758,-0.331714553,0.45088619,0.135013925,-0.057982382,-0.332313526,0.430730846,-0.257644608,-0.37349353,0.02758957,-5.21E-05,0.128018128,0.179893887,-0.004047057,0.024789773,6,2,4,1
26.90900706,-16.89365064,1.596693253,-0.762858264,0.964506481,-0.337009731,0.772692407,-0.122238921,-0.256052536,-1.527555021,0.050856073,-0.343146165,-0.039164363,0.046298652,-0.048815492,-0.132546364,-0.096306204,-0.258275081,-0.213929094,-0.019547451,0.225246133,0.055823824,0.230525745,-0.099424397,-0.267165003,6,2,5,1
-4.4927269,13.94148297,-1.966735724,0.454775364,-6.25651666,5.439131877,5.474600889,8.119435189,0.133345128,-0.934752951,-0.695295494,-7.490569216,3.58767158,-1.937107678,-0.104959207,3.114575805,2.352346396,0.070207243,-0.443057898,-1.89445827,-1.560601669,-0.662311263,-0.250983443,-1.419387098,1.13091508,6,3,1,1
-5.963944056,12.58952498,-2.887107694,1.437068045,-3.577996153,4.433821288,6.258196503,8.825913545,0.807117569,-2.337490683,-3.016497055,-6.385567779,1.19105622,-0.215668841,0.189134379,-1.158685431,-0.078456705,-1.861819629,-1.555992047,-0.018740287,-0.884249276,-0.835388591,-0.323308539,0.442576511,0.600912438,6,3,2,1
-2.093176846,8.919529352,-1.911395865,-0.597591938,-4.763624325,2.107463774,8.785383686,3.344919465,2.580919005,-1.428195349,-4.047124808,-4.675972871,0.6014414,-0.322630618,0.801835303,-0.753766357,0.153617025,-1.044425824,0.178380767,0.728975385,0.952369884,-0.41038263,1.072393064,1.263253169,-0.901432281,6,3,3,1
0.989175926,10.65991443,5.925466778,-0.279963976,-4.693687492,6.230702566,9.316173224,-5.079014589,10.69194573,-2.342700414,-1.67216796,-5.298314655,0.590851738,0.511437587,1.467999651,-1.642835467,1.847134097,1.135218697,0.52957874,0.078165536,1.797001615,0.653028592,0.472627598,0.484905251,0.563622167,6,3,4,1
-0.581308146,8.566133607,0.174617125,2.679281321,-0.781882675,5.351447677,6.669758398,2.291494781,3.281195702,-0.477491295,-0.674607001,-5.604915992,1.263766227,-0.069106982,-0.083482466,-0.261880294,0.032573956,0.671264122,0.298762745,-0.508566602,-0.549064595,0.632760499,0.975253185,0.592613599,-0.049495973,6,3,5,1
9.690989529,17.74892163,-3.802573362,2.527249532,-0.30170587,-8.348744537,3.289712135,0.872065912,-2.326084454,-1.880985991,-1.839337899,-0.828965246,-0.349648251,3.535312433,-0.568976866,-1.947164691,-1.081857624,-2.17761959,0.543461285,0.203901411,0.10912858,0.672337242,-0.126279912,0.530892997,-0.011253878,6,4,1,1
8.510404811,17.04982541,-1.755725842,4.67401851,-1.972002967,-6.962647216,3.904344515,5.111080941,-2.472939878,-4.667129442,0.944478947,-1.343355486,2.256959255,3.490688082,-0.343655969,2.758739935,0.573841838,0.443924239,1.869324616,-3.44167597,-1.027090357,1.047949687,-1.529091338,-0.806091526,0.144494884,6,4,2,1
13.15672904,18.37173848,9.206675586,10.92067275,6.221302875,1.819014042,-4.525486475,1.958107683,-0.089795617,0.994272216,0.534984238,-0.999922339,0.731611761,-0.735256491,-1.948868398,0.652182558,-1.325843408,-1.841508197,0.452846301,0.020143543,-1.84577595,-1.354362063,-0.269979904,-0.0151388,-0.088875072,6,4,3,1
10.88988809,17.72341077,9.803385166,8.297047508,4.148927239,1.0481535,-1.740691665,-1.805441449,3.940650166,-1.163244719,1.038957553,-0.380926563,0.814413382,-0.848578279,-2.245886868,-0.337620831,-0.016193607,-0.315110202,0.315313185,-0.823490036,0.46427502,1.351555044,-0.751493949,0.941495192,0.086455066,6,4,4,1
12.88570948,16.30052474,-2.152608495,2.582386269,1.308240727,-3.409641604,-0.780497887,-2.235599186,-0.897570912,1.239715088,-0.768235519,0.644600319,-2.805926176,-0.183367435,1.167650856,1.471640573,-1.520424155,-2.802758435,1.486466164,0.00495347,0.251730564,1.295952185,-1.558521531,0.200741,-1.3932475,6,4,5,1
22.90308326,25.75737982,-6.609678598,1.490232314,-1.854641595,-3.9071166,1.93650498,-2.831248606,-1.947558989,1.271005199,-2.318267624,-1.819756932,-3.53718483,3.120146978,0.937164957,-0.720783826,-3.229110297,1.290039706,0.781408783,-1.191523093,0.364376668,-0.940177095,-1.044038721,0.117569145,0.532065224,7,1,1,1
22.66958944,25.35675261,-6.817751208,1.265427059,-2.476903713,-2.398686953,0.509866317,-5.108725679,-2.049925146,3.230810416,-0.581438298,-1.61349012,-3.684196652,2.205491082,0.643079046,-0.561144932,-1.98579907,1.246251239,0.427660973,-0.931857578,0.945587091,-1.750576439,0.071425825,-0.780303829,-0.971475698,7,1,2,1
29.2342992,17.55122097,-11.032142,11.65261143,0.356752644,4.153542537,-9.18722541,7.623455504,-2.280236642,1.955570957,-2.472277976,-0.601841933,-5.433840716,0.834090137,-4.304730116,5.375789132,2.742457964,1.213601587,-1.49759344,0.726740154,-0.362093821,-0.18124593,-0.786037695,1.961489168,-0.629946943,7,1,3,1
28.89784507,18.34704654,-5.430927742,2.903667298,-3.497635819,2.020494474,-0.123271336,-7.379525037,0.503385055,4.877697317,-1.65793704,-0.052413397,-2.744148787,-0.561672673,0.790231419,-2.001678763,0.114501476,0.26277787,0.732026657,1.736818815,-0.124294323,0.354057498,-0.228973314,-0.355969665,1.086049162,7,1,4,1
30.5360447,15.79563659,-5.481067227,1.671257759,-4.36415257,3.342891262,-1.778422926,-6.161238023,-1.048911169,5.043095192,-1.346662964,-0.855076718,-0.440039724,1.064549767,0.573133658,-1.491588283,0.23589961,1.218161856,-0.007460142,0.979329641,-1.422718156,-0.282002246,-0.403291435,-0.457745789,1.964658724,7,1,5,1
3.507323801,23.45984794,-8.565473372,1.450004415,-3.884417397,-2.208151845,-2.657300937,-0.55005689,-7.028944889,-2.526459593,-1.13007912,-2.820952502,3.609407992,-4.623798968,0.100189917,-2.062592071,1.968075984,-0.71168598,0.293855143,0.626665942,2.027697553,0.618852512,-1.360181388,-0.678837975,-1.400191696,7,2,1,1
28.56650056,-20.71378294,2.096220247,-1.536561084,0.831355708,0.000199235,0.627016857,-0.063708735,-0.139458667,-1.605433638,0.17941733,-0.232989721,0.394951902,-0.036657645,-0.161754948,-0.146155187,0.120496305,-0.080211879,-0.294497785,-0.058422513,0.103595931,-0.016365391,0.122754772,-0.073216922,-0.071250369,7,2,2,1
28.56223352,-20.71834176,2.088315559,-1.541739381,0.829891345,0.00353482,0.632072338,-0.056454637,-0.143538505,-1.598145247,0.182226316,-0.232729449,0.396539962,-0.03034571,-0.161134129,-0.148986122,0.127994411,-0.070194479,-0.281079153,-0.053137477,0.109991241,-0.020954102,0.128252561,-0.076977997,-0.07579352,7,2,3,1
21.67576454,20.93101128,-5.228918492,3.284736799,-1.801246167,-3.422018093,2.295804371,-0.839435991,-0.676733694,1.173982669,0.04349736,-1.500989261,-0.551667381,0.267969853,-0.466227061,1.290544603,-0.041489978,1.187391935,0.978760561,0.414441514,1.141543943,-0.928284599,0.935836876,0.545551077,-0.638865486,7,2,4,1
28.56393075,-20.7181674,2.086621701,-1.545736079,0.82938923,-0.000901753,0.631118934,-0.062181705,-0.13162903,-1.603384146,0.189596026,-0.233557314,0.393120451,-0.039951457,-0.160862727,-0.141764274,0.118577132,-0.079826446,-0.288747561,-0.057682039,0.104703098,-0.023318345,0.128574167,-0.067052341,-0.073727905,7,2,5,1
10.1561737,24.70826055,-9.343769732,2.760555081,-4.776174636,-0.084046698,-5.30911677,0.518022932,-7.377934538,-4.139290534,0.777079523,-0.73043017,2.251199389,-4.406166112,-0.878351736,-4.738469891,0.104935772,0.431107294,-1.151043829,0.192459955,1.399410813,1.84301321,1.192708448,-1.279801124,2.034403841,7,3,1,1
28.56330908,-20.70954107,2.098674967,-1.542619362,0.835895624,-0.000405147,0.636698083,-0.071689469,-0.138421259,-1.60150992,0.187985487,-0.236200749,0.397081461,-0.034290387,-0.158574162,-0.146861879,0.115246274,-0.071084897,-0.279622755,-0.05694578,0.107041944,-0.023745904,0.123357774,-0.068711604,-0.07887864,7,3,2,1
28.56412212,-20.71708966,2.095028709,-1.53427026,0.831646318,-0.002660521,0.632215586,-0.068951827,-0.144228801,-1.600621582,0.187546979,-0.23214978,0.390584252,-0.037556635,-0.155698389,-0.150151168,0.119392427,-0.083268353,-0.286645985,-0.054925435,0.109252661,-0.021272915,0.12685759,-0.071774572,-0.077447344,7,3,3,1
27.22284582,21.24558301,-4.298067733,3.488550513,-1.575417423,0.726327754,-1.031892927,-1.000319711,-1.163206651,1.940962736,-1.725266282,-0.92159684,-1.208033632,1.116595797,0.535246461,0.977571703,-0.95880023,2.229479608,-0.275743621,0.997604735,-0.239887013,-0.698075994,0.615241678,1.045923775,0.586897979,7,3,4,1
28.55594442,-20.71620752,2.105536351,-1.547795653,0.836119041,0.009916884,0.634117848,-0.063572433,-0.142477045,-1.605047716,0.181788026,-0.230143361,0.386543787,-0.031580162,-0.161437072,-0.152755934,0.118942433,-0.076789223,-0.282999803,-0.053468078,0.107599126,-0.011921269,0.125657313,-0.062787594,-0.08171807,7,3,5,1
14.97007621,28.6377405,-9.432152667,0.916388577,-7.741175208,-0.223292113,-0.656568504,-1.397743544,-3.922472945,-4.558257679,1.47802252,0.155480306,1.651774876,-2.211330162,-0.561928914,0.391540773,1.881703067,1.83850899,-2.128122769,1.809331898,-0.277385479,-0.993780784,-0.067864528,-1.252540197,-1.287087815,7,4,1,1
28.57096249,-20.7118977,2.094301336,-1.544239162,0.830185925,0.00270897,0.630252085,-0.063002977,-0.139869858,-1.59907462,0.186518208,-0.235035076,0.40024938,-0.035781698,-0.162625203,-0.143305065,0.12367371,-0.078195479,-0.286421213,-0.062592487,0.104315781,-0.018635319,0.127843371,-0.067291684,-0.073976862,7,4,2,1
28.56245426,-20.71896713,2.091121959,-1.548227643,0.83558753,-0.001267823,0.636756484,-0.064635054,-0.138326163,-1.603343981,0.183153781,-0.226874662,0.391624145,-0.03660194,-0.162923039,-0.149276967,0.118083119,-0.080422855,-0.284437708,-0.061962068,0.098941938,-0.022804527,0.130715746,-0.071217715,-0.078192198,7,4,3,1
32.95216752,22.43697992,-8.24839992,2.225910018,-2.220747051,2.966776475,-1.130311539,-1.563387427,-1.63910685,3.617249264,-1.077968755,-0.812831106,-2.181009479,0.829960924,1.257734477,1.452756911,0.021995808,4.963251265,-1.436086173,1.174977079,-0.51341565,0.171827798,-0.902583876,0.082881148,0.481682509,7,4,4,1
28.56038689,-20.71648294,2.091453933,-1.540722007,0.836799252,-0.004977429,0.627002394,-0.067536466,-0.143106395,-1.608940462,0.183314978,-0.232159324,0.39318112,-0.034700017,-0.167197548,-0.140629741,0.118120857,-0.08143994,-0.278466597,-0.052430991,0.106243823,-0.022545525,0.130696904,-0.071974649,-0.078802731,7,4,5,1
19.11883233,19.06595991,-5.515690839,2.653589853,-8.265865578,5.424583327,9.861690502,8.897629112,7.238093708,10.08930804,0.268407741,16.06973182,0.226093961,2.832191237,-1.571236728,-3.136797644,-1.160249049,-2.664703047,-3.684359108,-3.412951395,-1.129717702,1.881040546,1.044652844,-1.220689727,-0.807736173,7,5,1,1
28.55649377,-20.70776302,2.095767313,-1.551598965,0.838099567,0.00125694,0.633482689,-0.067879618,-0.146623729,-1.602794538,0.187131434,-0.24064996,0.394300077,-0.03265102,-0.164174022,-0.14291104,0.116632122,-0.084613555,-0.281329994,-0.054604731,0.106109172,-0.016475171,0.120528267,-0.074213473,-0.078709245,7,5,2,1
28.56149061,-20.72032139,2.099240869,-1.541011604,0.830518252,0.002543299,0.629521054,-0.05777464,-0.147151431,-1.607826581,0.186609102,-0.232202859,0.395970576,-0.037872,-0.155871198,-0.144476982,0.120792254,-0.080444813,-0.283158604,-0.062861574,0.111675669,-0.021677618,0.128605564,-0.073533244,-0.078228,7,5,3,1
21.68397591,12.38955967,-6.154383734,2.072524769,-8.909660694,12.35591638,2.757561744,7.054365633,4.005736626,10.13835294,2.932683832,10.67050658,7.986626936,-2.286430366,-0.570166965,0.119225578,1.127341642,0.932314271,4.402515892,2.000209132,2.054877793,-1.27343462,-0.141749441,0.296224618,-0.165175173,7,5,4,1
28.56225906,-20.7128301,2.100349695,-1.539195813,0.830807926,3.68E-05,0.625224071,-0.06795593,-0.137517883,-1.600589869,0.178112629,-0.236311668,0.38931509,-0.035195327,-0.161348722,-0.152919288,0.119282664,-0.077794724,-0.288114631,-0.060193476,0.100456715,-0.023710367,0.126983143,-0.068440748,-0.078045005,7,5,5,1
-6.414591076,-0.901649928,2.699984758,1.732470522,2.183867529,-6.741593624,0.942078546,1.870794885,-1.837916631,0.028200509,-2.270277081,2.20518443,1.175561611,1.639709322,0.545562439,-0.54435718,0.569046955,0.602487238,-1.007529752,1.833060989,0.842954615,0.843195122,0.738828449,0.204073296,0.563156601,8,1,1,1
-6.939356597,-0.240798374,2.693641678,2.128838625,1.59673763,-8.035978751,2.636690656,4.487950498,-1.91458754,-0.415666871,-2.194525242,1.278499642,1.629470002,2.141558339,0.253505676,1.883286324,-0.135139649,1.850686883,0.608126682,0.174082823,-0.111228588,1.426467734,0.220230263,-0.598055078,-0.648383991,8,1,2,1
-0.144795412,8.036333241,14.06739764,10.72065355,9.006434693,-0.380624023,-5.423523569,0.211524318,2.280219968,1.257584032,-0.205253327,1.296573943,0.062720603,-1.22689129,-2.88904028,2.166702613,-0.55147483,-0.317346234,-0.336575798,-0.79199184,-0.071885832,1.777333492,-1.53986699,0.632822944,-0.63538483,8,1,3,1
-0.958599622,5.204194711,1.167996209,0.609379026,0.613088455,-10.44889788,2.799081516,-2.11864975,-1.247652212,-1.929282157,-3.41636613,3.085988871,-1.015817276,1.83704976,-0.912057599,-0.973763267,-0.585214371,-1.543865853,1.42632573,1.341773687,0.17250811,0.32948122,-1.090133985,0.562080159,0.550382247,8,1,4,1
0.129088607,5.568634516,2.095525053,0.869608486,1.722206148,-9.389282661,1.627982978,-2.11422459,-0.879173829,-0.476642287,-2.005586586,3.133697086,0.004800211,1.459380189,-0.044706226,-0.54799403,0.51380244,-1.663218203,1.727494067,1.338247997,-0.059648525,0.491550838,-0.256317796,0.603837598,1.63111998,8,1,5,1
-10.14555051,-5.013631557,3.185028379,0.94207253,1.621513747,-3.25069822,0.669294588,3.120400667,-0.667772575,1.524881502,-2.176481452,1.031457833,0.863712118,-0.630616032,1.076695134,0.612012121,0.129176836,1.960950469,-0.894561615,1.768351772,0.295299747,0.227236508,-0.99617532,-1.514890336,-1.665969577,8,2,1,1
-11.22813891,-5.467375508,2.301124789,0.402484442,1.232563773,-2.128735359,1.662623185,2.973194671,0.260152113,1.469584335,-1.098793398,1.971620794,0.868983326,-1.284688225,1.482087093,0.696847864,0.406345092,0.713186612,-1.255070724,3.724214552,-0.079754302,-0.303391266,-0.535578247,-1.25650723,-1.033306789,8,2,2,1
-3.302511856,5.595720968,15.13242656,8.898910759,7.708003909,0.650550749,-2.485862356,-1.497756163,3.954485712,0.564281099,-1.505253821,0.091099785,1.369543771,-1.353352418,-2.328361208,-0.000146597,-0.660943115,0.864770771,-0.585002493,0.164520105,0.899082111,-0.50111888,0.851337206,0.698488887,0.376048184,8,2,3,1
-5.840331798,0.706900922,1.634757894,1.249617487,2.048970211,-5.76493816,0.787312004,3.286662116,-0.702267707,-1.602620739,-1.540120425,1.621750501,-0.417397352,-0.091224888,0.634142567,-2.051810114,0.407451977,-0.749202789,-0.03615646,2.399437897,-0.417404836,-0.202805519,-1.777753858,-0.590680128,-0.616586891,8,2,4,1
-1.620537391,4.402588805,4.828164035,6.01347838,5.812131994,0.108260052,-5.808667977,2.412640891,-1.601419356,1.256554071,0.475080824,1.422545303,-1.150441995,-1.847224779,-0.952172868,0.802633953,0.891127476,-1.962433759,-0.372390095,1.205771701,-0.187309599,-1.440841299,0.752791233,0.244340021,-0.979609814,8,2,5,1
-6.88201396,4.107331946,0.699341675,1.839572385,1.510510114,-3.809073681,0.20388173,3.912773729,-1.566248958,-1.558974398,-2.049544177,-0.656051958,0.116714946,0.421657878,1.433795471,-3.302744366,1.387591167,-0.664854954,-0.400449029,0.876845292,-0.155618659,0.770608503,0.139774517,0.106947765,-1.193826861,8,3,1,1
-6.39038567,4.10052146,0.598699001,1.633806953,1.147919436,-4.155061429,0.820020821,3.073533817,-1.368100939,-1.434282438,-2.334808953,-0.545300199,-0.172319976,0.802010543,1.368587026,-2.752528029,0.646281555,-1.044988283,-0.521537907,1.210739119,0.11064954,0.871027701,0.522212944,0.050136221,-1.272082563,8,3,2,1
-2.997411472,5.717326251,9.441700088,7.841695778,6.748617271,0.608013851,-3.485354094,2.299520555,0.771932012,1.163804846,-0.979111578,-1.31316279,-0.243853348,-1.238448077,-1.481624855,-0.078824008,-1.020140994,-0.353225894,-1.054030706,-0.517928279,-0.424882266,-1.241740775,0.77438743,0.626222175,-0.17575903,8,3,3,1
-0.049055929,8.716385001,14.22958234,8.30106069,6.678803053,1.764559537,-1.012140501,-1.240695,5.394100977,0.32081746,0.051697319,-1.982882458,0.881165258,-1.043189401,-1.547107744,0.709240948,-0.883577692,-0.022713127,-1.022461153,-1.290428976,0.867205044,2.035065194,-1.143781245,-0.622383548,-0.62843806,8,3,4,1
-4.920330485,1.630599902,0.727873496,0.744775537,0.591488487,-5.603078824,3.796813277,4.833852948,-2.369055783,-3.386660584,-2.645787009,-1.325024025,3.017462618,2.809449849,-1.081638005,-2.058096382,1.083783529,0.736419533,-0.377768144,-1.697433345,-0.996058818,-0.396234701,-1.039647989,0.151640725,2.093981594,8,3,5,1
-7.402554731,-0.220066566,1.815610359,1.111078947,1.259720975,-6.814141221,4.933472576,4.17990744,-1.21693493,0.070826114,-5.123292774,-1.268421137,-0.312794406,4.492864743,-0.416526832,-0.676680114,-2.958438213,0.260313703,-0.200127112,0.112898492,0.510517264,-0.118082037,1.173024464,0.057248888,-1.420628739,8,4,1,1
-8.141737488,-1.291332036,1.682587767,2.095562163,1.560169931,-2.587847809,0.631222726,4.129431509,-1.474914549,0.189941502,-1.507207379,0.254644441,0.516290644,-1.029781759,1.986882538,-0.717225281,1.330181931,0.644662132,-0.446961441,0.401198821,1.242390275,-0.67381972,0.068889927,0.174995438,-1.683035126,8,4,2,1
-2.863925482,4.422845138,14.92272578,6.729615153,6.877654454,1.697794101,0.423340268,-0.872941532,5.07495324,1.29356796,0.161864325,-1.92307512,1.680446674,-0.689083052,1.00462343,-1.356080738,-1.295677588,0.247083432,-0.360526709,0.363296827,-0.377380805,-0.926612061,-0.200131929,-1.922527869,0.455678905,8,4,3,1
-3.189537771,4.454864277,15.52120627,7.703791564,6.935722183,1.531687027,-0.079397018,-2.114668388,5.956975574,0.560803429,-1.277392242,-1.027498018,1.707160586,-0.664353576,-1.136373687,-0.905495374,-0.690670019,0.842657384,-0.629225879,-0.017490364,1.304879918,-0.03298695,0.88464991,0.302954191,0.647986369,8,4,4,1
-3.417688758,2.325295302,12.62546317,9.285145076,8.275033503,2.166617175,-2.648416185,2.113886508,0.944603559,2.946803263,-1.190743228,-1.766744991,0.652901935,-1.865742129,-0.886181061,0.832357586,-1.056649023,-0.754820285,-2.078123906,0.488303706,-0.619591583,-0.948347,-0.132919295,-0.430883874,0.640129761,8,4,5,1
-3.447167641,1.86649647,0.961510391,1.305971495,1.60072538,-3.696268546,-0.346544753,2.811415988,-0.781361869,-1.072456651,0.172224565,0.648365301,-0.499574442,-0.772416318,1.960843197,-1.52253527,0.904949863,-0.417572293,0.000210313,0.319271431,0.725884536,-0.981336249,-0.205241791,-0.172661576,-2.035465426,8,5,1,1
-4.116808476,1.144180627,1.824163785,1.650063233,1.502570963,-4.927044011,1.828981388,2.037191591,-0.771626766,-0.1006776,-2.194306251,0.215455344,-0.725916538,3.006046933,0.840300313,-0.877320817,-0.735517879,-1.060419541,-0.957524861,1.087434323,0.821280364,-0.910914638,1.980611134,0.32320809,-0.775998116,8,5,2,1
-1.830568253,4.226769641,13.3584802,6.308379044,6.091028603,0.704306102,-0.415380151,-0.912354711,2.743085001,0.801708156,-0.061357712,-1.140247399,1.766022308,-0.744940368,0.247968016,-0.857314739,-1.255226236,0.534360639,-0.029580319,-0.337251119,-0.114435636,-1.017961671,0.107227244,-1.286040587,0.482939314,8,5,3,1
-2.383910127,3.168929876,8.984777536,6.735263082,5.715914251,0.187051122,-3.176167499,1.893986809,1.385260158,1.13738603,-0.675262719,-0.314264155,-0.386288633,-1.458722605,-1.32742503,0.423084736,-0.584928409,0.014621021,-0.340599863,-0.138288137,-0.188282925,-1.320181152,0.896825183,0.685101787,-0.484121693,8,5,4,1
-3.28316295,1.352668595,0.756983239,0.473281689,1.409780139,-7.009983278,3.675037734,3.077476483,-3.005260013,-2.705238271,-4.155174583,-0.394257971,0.636686677,3.181721358,-1.292535672,-2.253909796,-0.805257113,-0.072994331,-0.395824252,-0.761684382,0.032478958,0.259948234,-0.963155776,-0.107210736,0.456077168,8,5,5,1
-4.913293923,-0.877913229,1.318518679,-0.682321775,-1.628178227,-0.06167419,1.117900141,0.324934893,1.199299721,-1.76356555,0.044972421,0.346958204,-2.069172275,-1.999688975,0.304659566,-1.830142628,-0.296444988,0.508567677,0.788867451,0.604356007,-0.244474129,0.750910072,-0.1672112,-0.24527692,-0.382857292,9,1,1,1
-7.344439739,-1.412574889,1.918054735,0.832830147,-1.791509385,2.387978871,0.363862084,6.203351229,2.162038361,-5.576244973,3.936812877,2.325079599,-3.731666458,-0.565487304,0.218943096,-0.834028264,-2.011330524,1.344378055,0.807952211,0.176333292,0.896177813,-0.214571745,-0.26393374,0.134887448,1.192618227,9,1,2,1
-1.02743139,1.455370141,12.42648848,-9.341133033,-5.115389738,-1.879080297,1.609677936,1.56412743,-2.979855776,5.220594657,4.876211968,-2.922508567,-0.05375539,-0.618088341,-0.669962347,0.580721285,-0.336786972,-0.385370654,-0.843989547,0.074602591,0.454801985,1.451843943,-0.55739132,1.334810426,0.061569141,9,1,3,1
-1.454932965,-0.610668415,-1.171805776,-0.242455733,-0.677719079,-2.424033263,0.245417378,3.139433758,2.9392118,-1.591287517,2.482431115,-0.252312386,-2.744471683,-2.083414209,0.044051045,-1.884038205,-0.633249994,1.003326215,0.488704247,-0.693491578,-1.661273337,0.670035161,0.966064274,-0.252563696,0.236592296,9,1,4,1
-4.634805085,-5.102765639,-0.431239246,-0.172307289,-1.214816811,-0.312365542,-0.069470561,3.634965378,2.528685719,-1.879069214,1.687267498,0.255527497,-2.444433034,-0.924674659,-0.491014871,-1.332344949,-1.451848787,1.776123539,1.029036419,0.493802299,-1.113342299,0.539437634,0.565617517,-0.500743121,0.570685486,9,1,5,1
-7.566512414,-2.970687931,1.680460979,-0.481309475,-1.428635096,-1.617699672,0.353443991,1.474075999,1.037513808,-3.075392934,0.431944032,1.930594638,-2.089434386,-1.976933345,-0.338552925,-0.251562718,-0.107021726,1.74372048,0.791488764,0.567653887,0.198281661,0.1066028,-0.800940784,-0.169144357,0.469889693,9,2,1,1
-8.429253315,-2.753628964,2.678683121,0.914228397,-1.045833057,1.962625017,-1.305273147,3.051928238,1.337680397,-3.206270532,2.957112873,2.633785289,-3.150064251,-0.755545304,0.774114476,-0.694224225,-0.385121078,1.110525023,-0.239904872,0.203782893,1.073849258,-0.610591559,-0.744402346,-0.180589254,0.880693999,9,2,2,1
-4.651299809,0.140010373,14.86769301,-10.00660167,-3.391871414,-2.295505805,2.145283364,-0.09379064,-2.731912958,5.141527464,4.888477971,-1.064950974,-0.319872687,0.116398898,-0.715883202,0.22702525,-0.891059553,1.528197443,-1.064262481,0.258505586,0.154537745,-0.421460303,0.55182636,1.623506392,-0.557373936,9,2,3,1
-3.494938898,-0.871174607,0.546358654,-0.253874236,0.692822895,-5.405790126,1.722740677,2.585432245,-0.259722895,0.839970796,1.640381867,1.186472366,-3.914637992,-2.812237814,1.345105111,-2.327255093,0.479625812,0.183690919,-0.420738622,-1.565826633,-0.194971143,0.941210627,-0.063399157,-0.27325543,0.766005435,9,2,4,1
-4.588676761,-1.794414262,0.042262289,-0.529691519,-0.621827411,-2.757343935,-0.230494074,2.434768729,2.423868846,-1.747569316,2.907746319,0.722752868,-2.530480417,-1.579624805,-0.289360693,-1.493268127,-0.837974986,1.751517745,0.659691826,-0.179148603,-1.720026394,0.678890081,0.729544409,-0.801677372,0.235354519,9,2,5,1
-5.975473221,0.924297255,2.663681911,1.63438534,0.566418509,-1.641889371,0.25751552,0.029297985,0.808651144,0.014658545,-0.266394959,0.902202007,-3.451558208,-1.828308995,0.740525777,0.370379888,-0.260104155,0.136398681,1.015343193,-0.739193985,-0.317586768,-0.960405824,1.136209782,-1.076533624,0.138051055,9,3,1,1
-5.574476719,-0.061683,1.301764667,1.07204555,-0.287567178,-0.841548421,-0.467914821,0.785271925,0.662585005,-0.387680018,1.168322546,1.303257785,-3.036924271,-2.945412288,1.395448319,-0.021046188,0.29098026,-0.741068528,0.183826577,-0.82142742,-0.016505502,-2.036023567,0.079458935,-0.675299968,0.133236175,9,3,2,1
-2.467931385,4.039188829,17.74420252,-9.007181362,-6.619993522,-1.906523706,1.758964656,0.250739301,-4.375041749,4.138312085,3.471584782,-1.558000566,-1.263778336,1.217582789,0.60967079,1.93874482,0.626688583,-0.773186236,0.301732798,-0.283044868,0.877300645,0.505032193,1.446817282,-0.759430793,0.528802636,9,3,3,1
1.191583794,5.924659699,15.72894357,-6.164444049,-5.371194598,-1.525417608,-0.043840547,1.247239905,-4.489339644,2.725794955,2.208098986,-1.259485267,-2.000377803,1.070549945,1.504785421,2.687256392,1.887862333,-1.434851475,1.264948739,-0.770458387,1.096391383,0.275758461,1.488579333,-1.382004856,0.36115632,9,3,4,1
-0.983811611,3.426816048,3.525463104,-1.827392733,-1.476892639,-3.098746758,0.911224698,1.00122833,-0.952636792,0.106463433,2.680209671,-0.557675369,-2.065951254,-1.294645164,0.875220669,-0.116493668,0.562793754,-1.107820196,-0.757067079,-1.41051528,0.536085525,-0.405374837,-0.769233497,-0.582117429,-0.198073244,9,3,5,1
-7.325315272,0.086122114,2.192456125,-0.652643886,-1.577846684,-0.36814158,1.517064282,1.060633912,1.020578923,-1.367955114,0.407688028,0.452735792,-1.832916533,-2.286405434,-0.029538394,-0.128865442,-0.430130258,0.656073457,1.595421231,-0.176269178,-0.035814871,-1.364376405,0.595594479,0.024492925,-0.161526816,9,4,1,1
-6.246982058,0.141486261,2.672371829,0.417004373,-0.843475085,0.517765443,0.362860893,0.566750656,1.319742742,-0.501571248,1.044333201,1.167312701,-3.805492163,-2.018510905,1.283580946,-1.173416855,-0.011558152,-0.165769364,0.169051787,-1.110596617,0.582591062,-0.63071108,0.488029499,-0.05759893,-0.065877334,9,4,2,1
-4.208492808,1.805448038,15.27777767,-9.932342151,-6.092789844,-1.949346909,1.486528289,2.364044114,-5.582311438,5.338204516,2.890819241,-2.932510655,-0.491615817,-0.269378941,0.61626697,1.361023674,0.613991321,-0.914210428,0.188086524,0.910850203,-0.228603988,0.185887815,0.164781867,-0.12873563,1.022262123,9,4,3,1
-6.74633199,-1.987080072,12.3473219,-11.78152127,-4.788275159,-1.95683589,3.634470359,0.952855771,-2.911105951,6.731781532,5.733204777,-2.70991895,1.608419541,-1.27033586,-0.859727088,-0.413993562,-2.01273563,0.21555643,-1.718402605,1.708240869,-1.254316961,-0.428544243,-1.094911304,1.313656078,0.279792373,9,4,4,1
-4.738468437,-0.852863328,12.33060386,-5.539869273,-4.32788076,0.028545525,2.522738779,1.135466679,-2.231615902,4.117110209,3.311610163,-1.666720527,-0.158435252,-1.013309796,0.265170969,0.885536319,-0.559597701,-1.092293441,-0.987564285,0.747617013,0.255903198,-0.618808247,-1.183692158,-0.222705656,-0.371563421,9,4,5,1
-6.732294825,-1.612096553,1.444811289,0.017989669,-0.850488982,-2.93188598,-0.45404108,0.830803216,1.261136646,-3.004508932,1.572325135,2.782118941,-3.254412167,-3.385825443,0.174662817,-0.683156449,-0.07821742,1.54750806,1.336421819,0.390515355,0.026006782,0.254513552,-0.254738488,-0.507608142,0.517241676,9,5,1,1
-5.575591212,0.048659363,2.84916738,0.289689241,-0.38746629,-1.731860669,-1.180699424,0.547480748,0.42866693,-2.470574106,1.755425393,2.558898618,-2.250251456,-2.66879884,0.210501642,-0.824353182,0.888235301,1.192289967,0.771049,0.374766088,-0.238803584,0.740887121,0.264456567,-0.420455447,0.076688931,9,5,2,1
-1.032799228,3.510502864,14.69544976,-8.202122483,-5.310237227,-4.014350342,-0.310695193,0.517868052,-5.057604499,3.61598278,3.443919287,0.08496043,-0.772591798,0.800899771,0.689475452,2.093517524,0.853328485,-0.814353626,1.170641637,0.470789974,-0.104417786,-0.283221246,0.323775108,-0.72452734,0.655535805,9,5,3,1
-2.941914036,2.556878629,15.67630266,-9.488303415,-5.067008836,-3.962885397,0.535869502,0.854592374,-4.303783158,4.682290046,4.752139839,-0.980680374,-0.728036272,0.034829748,-0.652566722,1.438268336,0.76522705,0.018361532,-0.656538861,0.193738231,0.558428219,1.990512039,-0.611165395,0.845579816,0.731062908,9,5,4,1
-1.372238276,0.421358751,1.351416266,0.59517509,1.148871791,-4.941478855,0.012998441,1.586225658,-0.181614808,0.540671681,1.513234979,0.947777663,-1.905254998,-4.039042269,1.295666511,-0.524915356,2.748839908,1.350003373,1.777629182,-2.940191037,-1.802113162,0.626967126,0.313179565,-0.052396169,-1.387057695,9,5,5,1
