PC1,PC2,PC3,PC4,PC5,PC6,PC7,PC8,PC9,PC10,PC11,PC12,PC13,PC14,PC15,PC16,PC17,PC18,PC19,PC20,PC21,PC22,PC23,PC24,PC25,label 1,label 2,label 3,label 4
-11.53934851,-3.926534058,-1.775572763,-1.929377416,-4.257928993,2.990721818,-3.17237694,-2.461179007,-3.89293163,-1.424449706,-2.31827357,1.539285175,0.770040709,-1.374563915,-2.01066831,-0.979229145,-1.147310317,0.747641901,-0.947708928,-1.53692264,0.314078933,0.413527737,0.884550932,0.516152618,0.168845586,10,1,1,2
-10.82094618,-2.198891687,0.880893845,-3.186350584,-4.414851504,-1.392843168,4.618136898,-3.468386636,2.987196067,-1.905377982,-2.871417026,2.646334705,-1.716665821,-0.972634799,0.309201489,0.582991372,2.807512621,-0.552478104,-1.170662903,0.674513517,-1.5250159,-1.654740184,-1.180754232,1.277795157,-0.029477526,10,1,2,2
-9.708461344,-5.748383155,-10.26304797,13.2377683,6.913590491,3.741326999,8.336543491,-3.136182104,-4.398699131,0.321291427,5.411070292,0.275872547,0.033946459,-0.539911404,0.528918012,0.944618303,-0.055304794,-0.136271173,-1.170528131,0.07361171,0.010272672,1.433825087,-0.225746521,1.736881376,0.522990602,10,1,3,2
-11.07113998,-7.484147456,-10.2577455,7.169207658,6.231380042,3.88426115,8.164593659,-3.609907939,-4.386434734,2.301782419,6.424758795,-0.650753282,-1.092045174,1.10426771,-3.048198204,-1.76868727,-0.583227129,1.738011814,0.30744241,0.334614383,-1.674830119,-0.928227055,0.644044334,1.067199906,-0.705180908,10,1,4,2
-10.13506065,-7.537497542,1.120161851,4.251632756,-3.222650979,7.557879028,-2.745695666,1.083162505,-0.937467345,-1.199640674,0.886686978,0.809877874,0.880195419,2.783410756,2.323361702,0.79537647,0.143873585,-0.336152061,-0.648355035,-0.554975732,1.442365292,0.5349996,-0.788196807,-0.23450249,0.560387495,10,1,5,2
-10.49003279,-4.480355368,-1.954629258,-1.114028883,-2.766276019,3.951431558,-2.314753328,-0.415517694,-4.32347942,0.193774801,-3.684108731,-1.083694778,2.216781801,-1.702486875,-0.548530611,-2.804171892,-1.880747106,0.986536293,2.200985723,-0.341046373,2.178836897,0.524202728,0.138908424,0.635683173,-1.111129087,10,2,1,2
-10.08876978,-3.972038137,-2.525763163,-4.281979837,-6.871620979,1.567166722,2.650440203,-3.389773874,-2.212580971,-2.299465604,-4.862571884,1.599415004,1.020684379,-2.473399245,-3.659521592,1.162241822,-2.04426779,-0.265542524,-0.3995294,-1.165271697,1.230875068,-0.411643753,-0.785515115,0.678107719,0.51234571,10,2,2,2
-11.06904499,-6.641083092,1.551703566,0.709635335,-2.86475546,6.317402544,-3.517601369,-1.666551785,-0.277636457,0.90698389,-1.559884568,-1.528374317,1.282361892,2.85964922,-0.885256721,0.952293779,-1.93576842,0.808127997,1.334145836,0.370037049,-0.930793321,0.856184756,-0.937529055,-0.22969089,-0.848552261,10,2,3,2
-10.17783707,-7.583863159,-9.018094681,19.89225708,2.967807824,3.677332669,6.731433067,-1.985290863,-3.864454629,-0.443900744,1.133909556,0.702443628,0.962791822,-1.583159715,5.636754656,3.107364537,-1.217144006,-1.852417036,0.380250416,0.098021913,0.009722596,0.418719453,-0.334144509,-0.866852732,1.137650269,10,2,4,2
-7.31295483,-4.382670674,1.137900794,3.581704999,0.323817429,3.504224168,-0.189847332,-2.824519705,-2.431042586,3.927437103,-3.450608377,-0.270566889,-0.394258788,-0.916505925,2.574946401,1.350904465,1.303320095,-1.088506528,0.255840936,-1.863826043,2.010081264,0.479933023,0.480711428,-0.513595197,0.145648076,10,2,5,2
-11.05258979,-5.563305531,-0.42971239,-4.702104955,-7.009731365,-0.580153501,4.002139844,-5.207090108,0.878938026,-1.28406119,-3.955091515,2.321964086,0.213806268,-0.797798141,-3.701730041,4.903406312,-1.73762481,1.383216815,-0.116828065,-0.250846099,-0.719877962,1.279185521,0.232243201,-0.711459868,-1.584566947,10,3,1,2
-10.55102528,-3.905653417,-0.00666123,-3.791829237,-5.63703228,-0.364760613,3.841613244,-3.391806559,1.329273635,-2.795018305,-3.321089129,3.322430727,-1.086174421,-1.390599492,-1.495962812,1.027168304,0.461135088,-0.320516275,-1.400165215,0.103587058,-0.239881203,-1.160198511,-0.918234378,0.813216508,0.681184924,10,3,2,2
-10.35713292,-6.054060683,-7.770032483,9.321899471,4.741404975,0.147587202,5.626266763,-2.565780351,-4.289016337,2.561559145,1.538120278,-0.545403098,0.407988225,-0.219490597,1.656683191,0.741548753,-1.335202721,1.054657647,0.113784746,0.024048592,-1.05575957,0.377850145,1.004275175,0.712693049,-0.907988618,10,3,3,2
-12.58932119,-5.200460866,2.099204534,3.16116529,-3.82701667,6.138074379,-5.245732704,3.919158835,-0.595141285,-7.078973082,4.665896382,2.512430085,0.388085781,4.626324014,1.495723469,0.816095556,-1.096445271,0.759576408,-0.509602777,2.090190952,1.475263954,0.21250994,-1.021815117,-0.799621813,0.587000367,10,3,4,2
-8.897558053,-4.786571895,-4.507148324,6.582197301,3.867537193,1.156192059,3.207159105,-2.397516317,-3.109159528,2.06084595,-0.078383831,-0.069458338,-1.604423946,-1.471474056,2.062510086,0.96332964,-0.602507178,0.04044787,-0.387519362,-1.002901145,1.457241212,-0.128885661,0.391772525,0.517503254,-0.370554067,10,3,5,2
-12.40376805,-5.696218345,-2.241218072,-3.452634229,-5.41445533,-0.331664436,0.376537443,-3.242912113,-4.381498021,-1.890997732,-4.892526657,2.68597385,1.393601037,-2.6072856,-3.627244142,1.13339367,-2.194744666,0.189427271,-1.667255408,0.221745786,0.524637397,-0.384079741,0.017876195,-0.886858633,0.853213491,10,4,1,2
-11.07046562,-3.389901036,3.933995794,-3.852764934,-4.508172241,-3.640346301,8.654755834,-5.357345049,5.408388215,-1.62961077,-4.005966285,1.2839351,0.730447758,-0.465541343,-1.227795528,4.231175926,2.434830666,2.045025271,0.645275192,1.402425251,-1.227240207,2.000375168,-0.039742267,0.136958397,-0.865702602,10,4,2,2
-11.58267278,-6.474283584,-11.25992765,18.1943068,6.097821029,1.195306082,6.364424649,-2.924134355,-4.346006223,0.008033141,3.59357937,1.150634592,1.604711928,-1.280429076,3.216272275,2.531479397,-0.573278159,-0.872841696,-1.199477216,1.124109244,-0.533437647,0.443934787,-0.013422849,-0.096082938,0.364205809,10,4,3,2
-10.15074693,-1.936048942,-3.197042249,2.98345785,1.670706655,2.687321658,0.985695693,-1.313131159,-2.708955833,-2.472907551,6.844891585,1.550986361,-1.299897217,1.502392632,-0.791282918,-0.529487556,0.441305786,0.463112558,-0.734484948,0.711619416,0.981914109,-0.617617323,0.398931051,0.16639928,-0.35317857,10,4,4,2
-8.127704564,0.082165548,-11.86124068,13.3948159,7.285862165,0.93171811,6.802218573,-4.604314555,-5.460599938,-1.152945487,8.01301318,0.64355962,0.258964648,-0.152688374,-0.40172454,1.486373157,0.791988511,-0.673042617,-0.743708241,0.032619956,-0.315573861,0.834055948,0.595186744,1.131397762,0.359922445,10,4,5,2
1.113553536,-10.8983898,-0.605226277,-2.795973605,-3.101268515,0.963664796,2.005045131,-0.907195735,-0.671204425,0.115080712,-2.619988315,2.052443221,-1.589393475,-1.617304677,-0.074836431,-0.867861579,0.417556196,-0.578852926,-0.7738288,-0.772502095,-0.627008064,0.307039635,-0.368370089,1.073837643,-0.301494849,10,5,1,2
2.065962212,-9.682842628,1.22531859,-2.315929018,-1.999624124,-0.019369355,3.382471956,-0.917572144,0.764673832,-0.587927282,-2.683725425,0.409103141,1.208037122,-1.376905879,0.21844035,-0.204185479,1.053085916,0.181036833,0.974567815,0.871027345,-0.04290066,-0.633433835,-0.788235497,0.595178282,-0.498885114,10,5,2,2
-0.603655804,-12.65594592,1.765947236,-1.328117473,-1.890661472,6.077241849,-4.091537344,-0.550241059,0.398070766,-0.9572519,0.353758414,0.353960361,0.340973667,3.626540394,-0.719235099,-0.736447698,-1.99570799,0.631862244,0.178875977,0.778496856,-0.852327466,0.317041342,-1.445886008,-0.362500844,-0.686170764,10,5,3,2
-0.905634918,-16.64425054,-4.170530226,13.11127019,0.832714787,3.122592217,4.289613028,0.755478955,-1.600501989,1.308973877,-1.827667816,1.224000988,0.567371261,-0.559908477,5.205354316,2.149731827,-1.568839175,-0.294954764,1.447611296,-0.151707902,0.008607023,0.078522356,-0.62183125,-0.911791254,1.054794384,10,5,4,2
-0.687056148,-13.12669361,-3.034913168,7.347929653,2.501687072,1.402491336,4.617895036,-0.444916844,-2.868177906,1.051117995,-0.228753466,0.558270042,-0.667023124,0.001811925,1.661976872,0.618571755,-1.312149172,0.783238211,0.507733943,-1.071567929,0.745600193,-0.052485634,-0.630456822,0.18353871,0.044233713,10,5,5,2
-9.272546977,-6.000904325,0.574837707,0.040307849,-0.606298752,0.918273504,-2.899041523,-1.655072384,-2.31562568,1.759670396,-2.542280068,-0.069479394,1.044280755,0.018492633,1.146246427,-2.475768744,1.468002224,0.621989725,-0.779360908,-0.266682168,-0.8332446,0.386781864,-0.264498259,-0.260095477,0.789687398,11,1,1,2
-7.98351183,-4.991818711,1.997520265,-0.000727846,-0.401811761,1.63748108,-3.702930181,-6.326137058,-2.180025619,5.08874329,-2.904251677,-0.766007825,-0.915581135,0.809177692,1.319972086,-1.534239856,0.202238534,0.269902113,-0.365895095,-1.931599712,0.39616322,0.548451252,0.146042179,-0.879535775,-1.172535892,11,1,2,2
-7.174417713,-8.207695107,-13.84687867,-0.434806413,0.537924822,-6.076254128,-5.031267218,2.036467478,4.39146146,2.845501807,2.220372634,-2.059057659,0.22610382,-0.720155525,-0.548912918,1.163929925,0.595292264,0.513198414,-0.840373555,-0.57326257,1.130899333,0.880751487,-0.849296681,-0.38581834,0.019683264,11,1,3,2
-6.844208202,-6.623912862,-13.43901986,-0.787436093,-0.573307984,-6.078685874,-3.383797397,-0.507892511,4.033980137,0.945823004,1.569506059,-0.653085574,0.320094531,0.239178249,0.0936919,0.737882249,0.719816092,0.558138178,-0.167528471,-0.695122557,1.297465559,-0.709485904,1.219153734,-0.274096454,-0.264176938,11,1,4,2
-5.707151007,-5.423038759,-6.54884815,-1.221655131,-0.356522285,-3.466641204,-1.778652067,-3.125306418,1.121376647,2.707520088,-0.488949918,-0.931343025,-0.771684708,0.487314162,0.557379333,0.336577539,-0.5406554,-0.280041507,0.412032507,-1.016099961,0.674357896,-1.044249632,0.565850692,-0.794325935,-1.044581737,11,1,5,2
-6.636369902,-7.838645418,2.184571965,-0.287338955,-2.16563028,5.06118169,-7.310818932,-7.167069979,-1.935110618,2.657941013,0.746918618,1.352713861,2.504019746,1.898619946,1.21184882,-0.366571558,2.836691439,1.048776022,-1.23157728,-1.376131375,-1.161849919,0.017241528,0.998121106,-0.592597233,0.420311984,11,2,1,2
-6.911434411,-7.452291451,2.387782554,0.322284541,0.53737248,-0.223951247,-1.557882612,-1.242261434,-2.065908113,2.123326959,-2.411736017,0.31854149,1.32569327,-0.261361622,1.019221034,-1.609061774,1.433182384,1.207090558,-1.323489403,-0.360004493,1.033956366,-0.162700429,-0.356138344,0.366948176,0.226191545,11,2,2,2
3.372403836,2.414596677,-0.310216746,-0.043646517,-1.895544599,-2.070771007,-2.526279594,-0.089827391,-0.011109875,-4.955667915,2.895972619,0.787387759,-0.535924355,-1.618174641,-1.843099172,0.317116543,-0.859334484,-0.583902312,2.00826712,0.57908571,-0.461819497,1.191833463,-0.257735175,0.131451611,-0.450834803,11,2,3,2
5.358221665,1.911288217,-1.289716698,0.627489182,-1.017979364,-1.829873628,-3.897476378,-3.829196129,-2.866008597,-0.372761369,-0.329834844,-0.523567466,3.187642577,-0.76613783,-1.079653012,1.858196122,1.341421765,-0.893924539,2.140209254,-0.234773029,-0.744130723,0.80922418,0.948818265,-0.589628772,-1.538936806,11,2,4,2
4.70496715,1.632496432,-7.182545332,-3.99147875,-1.916267991,-6.671510422,-0.53396967,-3.729196911,2.872464392,0.179569073,6.094416248,-1.614391378,3.608943786,-0.690436639,0.030896143,-1.123444526,-1.491204781,-1.798360295,-0.257613345,-0.196189147,-1.084874626,-1.099676939,-1.116615275,-0.6123455,-0.803318034,11,2,5,2
2.019096299,-11.82311091,0.37729115,-0.719898105,-1.396190009,2.856704446,0.357901375,1.153429997,-1.381316921,2.782549116,-2.843549269,-0.791795931,2.215619131,-1.670932335,0.190958437,-0.373230688,0.039806895,0.09653601,1.930498866,0.307848488,-1.151915426,0.274735739,-0.148927736,-0.010555289,0.211245151,11,3,1,2
2.646858434,-10.41864852,1.724452064,0.15227951,0.544528352,2.517737849,1.305893117,1.92843181,0.919079354,2.859362743,-2.180470112,-1.06311926,-1.147084565,-1.580236988,1.504202011,-2.195664968,0.490231255,-0.692298081,1.320876925,-0.130652106,-0.865757217,-0.273408059,-0.573909786,0.847768938,0.036656981,11,3,2,2
2.2304947,-12.65063005,-11.36338042,-0.731638776,-1.305339629,-2.026306063,-2.438230024,2.20400691,2.721122236,2.455857362,-1.674961742,-1.872052767,-1.092516604,0.308700026,-0.220668303,0.680557915,0.333862379,-1.391625566,1.190985689,0.118486121,0.01727619,-0.691998722,0.555343586,-0.479109748,0.683559364,11,3,3,2
2.81228554,-14.30672951,-8.655377337,1.868001525,0.477283065,0.667021267,-3.252169436,4.646001277,2.754373791,3.426959152,-2.704234607,-1.390572784,-1.978113705,-0.100884493,-1.374637249,2.377076646,1.006684191,-1.306076455,0.771473093,-0.373960068,0.631017349,0.437847252,-0.738494885,0.586397613,0.334437884,11,3,4,2
3.765612258,-13.1480106,-8.615352339,0.000179279,-0.420589679,-0.340021783,-1.969809756,3.946193518,2.326128313,2.405679593,-2.012413784,-1.647094962,-0.647253126,-0.050484968,-0.099644003,0.994964176,0.757102333,-1.761306635,0.834082984,0.355042207,-0.568806441,-0.710195714,-0.277423984,-0.145096641,0.649879674,11,3,5,2
-2.689950022,6.186582171,0.276326445,1.937037629,-0.274015626,-1.676207163,-4.611118031,-2.043906135,-2.982879586,-2.412154899,1.459991851,0.962856357,1.627019778,0.836810888,-0.201817875,-0.71606148,1.770407456,-1.660060091,-0.459781982,-1.716064821,1.186368545,-1.194615369,-0.855359371,1.164832553,-0.392629793,11,4,1,2
-5.30309164,4.199636275,1.770011847,1.363827946,-2.110546978,3.011400247,-7.649915166,-4.077701689,-1.372138673,-3.29883624,4.141714892,1.69459768,1.274539099,3.24832984,0.579634908,-0.465226901,1.82943567,-1.040613272,0.090905864,-0.631442632,-0.483487397,-0.766234903,0.876580815,0.340160007,-0.238393545,11,4,2,2
-0.354264486,2.91004561,-11.97268038,-4.765462432,-1.802630694,-9.510718329,-2.902892376,-2.922429631,5.243373184,0.872138726,8.744281852,-1.769098861,3.795256877,-0.515065369,-1.478483726,-2.1778146,-1.801197125,-0.61909321,-0.141895379,-0.377608345,-1.093907262,0.708962621,-0.041267196,1.450477436,-0.019261622,11,4,3,2
-1.998872899,1.880092651,-7.463864818,0.111115461,0.500003788,-6.15801637,-3.68210513,-1.588901544,2.519784579,-1.780651251,3.781574929,0.833657375,1.17629583,1.200116554,-0.482267205,-1.184389075,0.206310041,-0.847369707,0.091300197,0.45899296,-0.368580508,0.525694582,0.620029261,0.437869621,-0.008229582,11,4,4,2
2.426473237,3.518986824,-1.460364588,1.634207341,-1.091041951,-0.577839514,-6.775363748,-3.361235694,-1.383503864,-2.392899713,1.585905383,1.558645623,0.541108079,1.408895727,-0.676241754,0.85484172,1.745190168,-2.203641745,1.172240792,0.335477793,-1.49499494,0.706139435,0.486806296,-0.13619878,-0.468920676,11,4,5,2
-4.442734711,3.887026928,-1.722463355,-0.704426607,-5.264818264,6.201235593,-0.199287274,2.47683374,0.011551901,-2.452082849,-0.897729838,-3.442346229,0.101090677,-1.655195748,-0.830005621,-0.560043348,-1.443189636,0.344209596,2.28848478,-1.171819757,-0.959381969,0.856034777,-0.07495438,0.806801187,-0.803581949,13,1,1,2
-4.382863966,4.661267372,-2.677011939,-1.496749219,-5.419165067,4.933980219,1.94915431,1.308067893,-0.48412821,-1.751258483,-0.728619887,-3.230429637,-0.609946087,-0.02647242,-0.240361494,-0.02185398,-2.320348979,-1.883170453,0.887196395,0.38317611,-0.066928289,-0.951608832,0.24144714,-0.232099011,0.051626167,13,1,2,2
-2.831809527,5.695165487,-8.657440033,-11.14625119,12.69628603,8.831016458,7.34594878,0.256942568,-1.990376678,0.987109241,1.390901446,-1.823496904,-0.773889446,0.598188103,-4.445389987,-1.088993715,1.38861993,-1.056562015,0.486161757,0.850498449,-0.040151304,-0.766782972,-0.395796175,-1.006519325,-0.310069037,13,1,3,2
-7.351212791,1.398280054,1.617528705,0.701102916,-6.610472702,12.5496015,-3.591374817,4.171955917,1.494639263,-5.588330566,5.052320764,-1.001806677,-0.320446265,3.482380103,0.184585495,0.43579443,-1.611987292,-0.613668754,0.751483292,0.809940462,-0.178869078,0.451884327,-0.69184575,-0.115210053,-0.521825424,13,1,4,2
-6.621425385,1.028434549,0.652906503,0.824745284,-5.442972503,11.42723182,-4.047004666,2.250217607,0.437398379,-2.94061116,3.010178068,-1.333829459,-0.306574211,2.813220462,0.968513337,0.124999687,-0.949744363,-1.33911976,0.676178022,0.329353617,-0.333967466,0.494486468,0.009973292,-0.212308973,-0.459930725,13,1,5,2
5.223054899,18.77970109,3.149802819,2.968006311,-1.899426878,1.377792381,2.836591373,-3.426857688,5.764990768,-3.99152432,1.796711462,-1.761845895,-1.22539089,0.98361538,2.087390856,-1.225582929,2.34304319,-1.469431152,-2.398757166,1.263823017,-0.669339794,-0.158350837,0.659050779,-1.775346194,0.127749191,13,2,1,2
5.342467066,19.18736286,6.188067092,6.299269126,1.115564738,2.308412734,-0.524736363,-3.35501609,3.879344809,-2.293253531,-0.060973162,-3.546002349,0.751594301,-0.289106638,-0.999219065,0.047661161,0.14265914,-0.458875146,-0.842610446,0.75242502,-0.260043845,2.548132678,0.806295715,-1.920854837,-0.750712306,13,2,2,2
10.25255538,20.11730552,-2.939268656,-19.55461886,6.510101454,0.929572651,-4.999628241,1.157796433,1.944968466,-3.446246938,-2.999169682,1.795887589,2.086104951,-1.942757164,7.098296679,2.55990344,-2.478798337,0.108205076,-1.228573558,-1.058490477,-0.500471705,0.832522517,-0.340712895,1.823377917,0.126099918,13,2,3,2
10.27392751,19.41248962,-2.042759578,-17.95593057,5.680348901,1.344368921,-5.397294601,1.504077137,2.616417904,-3.202524986,-3.731373971,1.717057002,2.78280089,-2.147839399,7.791701059,3.326279916,-2.826811969,-0.69859506,-1.749798898,0.495901365,-1.565767446,-0.04746986,1.073284454,1.79416752,0.08302895,13,2,4,2
9.820506784,17.59860172,-3.973870202,-10.25076788,3.003896495,1.883542413,-2.1420924,0.676805868,-0.330537933,-3.798193777,2.840900754,0.850247451,-0.020852483,-0.102414824,1.909770188,-0.313170744,1.045385487,0.228047634,-0.717765303,-1.06567617,1.409733041,-0.241890847,0.1968408,0.090041965,-0.197426308,13,2,5,2
-11.69891191,1.761328316,-3.487362867,-2.145763145,-5.578471028,1.828360774,-0.195197708,-2.608635034,-3.236086793,-1.548179929,-4.041945688,0.503640637,1.236608478,-2.824720194,-3.24353132,1.626793982,-2.844337158,-1.326879231,0.241653257,0.511383046,-0.822753429,-0.599212698,1.962975591,-1.204324743,-0.034880206,13,3,1,2
-11.4003658,3.12935454,0.475308474,-1.22602675,-4.411421326,4.984194874,1.660519695,-2.272141846,4.286319035,-0.705575839,0.607348539,-0.119250483,-2.110113913,0.52785229,2.490429681,-0.545430887,3.527565144,-0.923944269,0.374821802,-0.007520629,-1.261754835,-0.255466901,0.357916518,2.187060953,-1.1635811,13,3,2,2
-6.538353068,7.599486569,-6.795439768,-18.29228231,15.06155169,5.338179173,2.210467387,0.056080939,-0.798635329,-0.02919551,0.192543953,0.587656876,-0.276110725,0.235272911,-1.843326725,-0.328690144,1.028605473,-0.586008402,-0.25461815,0.665077006,0.228144223,-0.243789432,-0.553223256,-0.919499921,0.001582399,13,3,3,2
-6.63642258,7.174444336,-6.795756433,-18.61092727,14.21615883,5.353949228,2.500252763,-0.288584638,-1.497815933,-0.01899349,0.428012953,0.446999042,-0.68664783,0.889321604,-1.576369268,-0.479444355,0.803706402,0.474026495,0.873410012,-0.182206879,0.490674943,0.451414808,0.262108485,-0.475201039,0.2461897,13,3,4,2
-5.908347531,6.795550029,-4.349880278,-13.49615932,10.94875884,4.474315042,2.056317001,0.156657795,-1.075942477,0.184479456,-0.029730805,0.033249354,-0.899358982,0.603527358,-0.900362278,0.326718096,0.560369253,0.054830437,0.838515428,-0.539911892,0.565858179,0.677523509,0.536004673,-0.401306731,0.413641779,13,3,5,2
-7.358356879,3.539133179,-2.509051805,-3.099132654,-5.95206065,-2.062017924,-0.01175099,-4.395481283,-2.183685338,-5.301842518,-1.950893766,4.930316416,-0.047900783,-2.478696201,-4.091055707,1.01639408,-0.534651466,-2.136035202,-2.24358667,-0.025953548,-0.037688489,-0.79415281,-0.104135124,-0.207179078,1.336469998,13,4,1,2
-8.706833451,3.15535474,5.237351205,-1.44996495,-2.94202827,-2.201074004,4.60227603,-7.883307036,7.531055069,-1.004566764,-0.048722061,1.010321367,-1.412039235,3.341119777,0.766167992,3.182857672,1.990041367,-0.312467952,-0.579763048,0.513890132,0.551586967,-0.838953811,-1.240285942,-0.457219566,-0.27262023,13,4,2,2
-4.450805424,6.942312117,-1.099205913,-19.70951825,11.99014569,-0.071004852,-2.272708067,-0.504376639,0.766612673,-0.192244409,-1.601641313,3.311620295,1.013144403,0.990185523,1.496884088,1.43693171,-0.872484711,0.686077795,1.136641981,0.544533306,-1.15404021,-0.543622168,0.528156782,-0.660458928,0.300402934,13,4,3,2
-5.456236608,1.080363088,1.25304494,0.241557778,-3.645917891,0.471125785,-1.741518816,-0.797979605,2.465779027,-4.895928976,4.317370891,2.393016557,-1.903771999,0.263330595,-0.904441887,3.745899491,-0.317513985,0.293531574,0.009562875,-0.876920814,0.350247086,-0.770187983,-0.182846755,-0.901227002,0.630954556,13,4,4,2
-2.848334214,5.289832085,-1.01835829,-14.30183528,9.968115439,0.497823201,-1.953755651,-0.373568742,-0.007467849,-1.273979191,-1.550528719,3.130858078,0.813548209,-0.107266719,2.414663677,2.347950601,-0.479824376,0.492886529,0.228821713,-1.062041259,0.398093348,0.737597189,-0.649013688,0.286449837,0.596319817,13,4,5,2
-7.367315748,2.1050632,3.637907899,-1.295442894,-4.103063202,2.580069734,6.446504052,-3.7842133,5.938997859,-1.222813831,-2.931561812,-0.939252991,-0.256734673,0.126745678,0.279045081,-0.114585789,1.130659802,-0.781910992,0.076252895,-0.037888073,0.497326244,-0.21039581,-0.443476417,0.949876553,0.425520514,13,5,1,2
-8.159537563,1.206689599,-1.543835611,-2.903606766,-7.111275219,4.878439392,2.162123257,-1.672944588,1.370338056,-4.119957376,-1.070479302,0.982150044,-1.008177272,-0.770291528,-1.453018766,-0.442327451,-0.474684103,-0.732253715,-0.240774073,-0.834920837,0.507973509,-0.35438526,0.42710469,1.692050857,-0.286049932,13,5,2,2
-4.85102211,0.819751201,-0.986888239,-1.859192041,-5.241076391,5.031166475,-1.312026532,-1.741794318,1.107690406,-2.265853209,1.271801852,-1.362732996,-1.059973877,0.48940614,-1.439828888,3.099960478,-1.833275833,-0.629229972,0.287120771,-0.979460173,0.390760809,-0.254068179,0.376604068,-0.404490833,-0.767284354,13,5,3,2
-5.708417464,3.369707236,-7.920971854,-14.83548059,14.80459977,7.060099497,4.93843883,-0.172322786,-1.573351694,1.182412389,1.137937685,-0.090782156,-0.892070608,0.934992228,-3.565137137,-1.139307824,1.116261906,-0.50458603,0.16267116,0.625772988,0.498858708,-0.34922039,-0.899719622,-0.759773683,-0.009282037,13,5,4,2
-3.943239484,6.690077275,-6.388642307,-13.88114845,11.34629687,5.756796815,3.242980019,0.245221153,-1.3141495,0.355619703,0.359002667,-0.971256657,-0.745411267,0.578949141,-1.308862138,0.060862594,0.507296048,0.043183258,0.522055011,-0.721775075,0.478756933,0.584878347,0.272023349,-0.417758659,0.094158748,13,5,5,2
-7.512806381,-0.395121472,2.110136217,0.685294483,-2.254378195,3.804071333,-5.04927938,-1.110529375,-0.203377856,-2.573217601,3.24293781,1.895500834,0.966264889,2.071827211,0.852964128,-1.068711128,1.260191976,0.272050391,0.25923518,0.084198397,-0.500577163,-0.801625547,0.844977415,0.676659313,0.050223735,14,1,1,2
-6.749888829,0.123219213,0.767066722,0.393972407,-1.367445775,-0.351867926,-2.671758289,-1.044938314,-2.198707234,-1.404381928,-0.081812467,0.978318127,2.34396366,0.834597244,-0.74414794,-0.520182916,1.177975587,0.243980667,-0.564897878,-1.47887817,0.931441377,-1.471207524,-1.076924687,0.858747981,-0.205965658,14,1,2,2
-9.973138083,-9.270673102,-13.49292046,-1.641804657,0.309180223,-5.971762801,-3.742956666,1.623310934,5.735384175,4.251303894,2.852910892,-2.423705489,0.721566221,-0.702974747,-0.400225933,0.549849165,-0.643305016,1.246097199,-1.42812309,-0.257650929,0.802190644,0.319053665,-1.845500867,-0.45440869,0.139399393,14,1,3,2
-6.292959516,-3.915914921,-12.29711584,-1.022171473,-0.437515984,-5.749740871,-2.636887245,-1.506662584,4.668047944,0.925440994,2.433461147,-0.754880359,1.449469713,0.218590714,0.170966562,-0.230355877,0.105412097,0.473374875,-0.010344835,-0.501205482,0.853550603,-0.664384047,1.024027446,0.094487384,-0.041891183,14,1,4,2
-7.339337135,-6.041890343,0.698377313,1.95224298,-0.085234336,2.288280587,-5.059168351,-0.991309753,-1.673496234,1.749074264,-2.92523178,0.219770942,0.395233235,0.625194614,-0.329841571,0.342701321,1.154999034,0.600896666,0.127589192,0.509184753,-1.695291768,0.582832256,0.09125913,0.063125934,0.330991286,14,1,5,2
-12.06211628,-4.967061613,1.842384667,-0.318307836,-1.739719958,2.866470307,-3.328042219,-4.718262944,-1.676037009,3.422311133,-2.518487137,-0.660940377,-1.105136228,1.385008517,0.729336657,-1.602460163,-0.314758177,0.511134575,-0.647122465,-1.698090064,0.231970381,-0.1276101,-1.423769282,-0.778821595,-0.367623402,14,2,1,2
-11.8554734,-6.077026261,0.456069554,-0.08998792,-1.198496499,2.186907573,-3.023064682,-0.95062681,-3.002819897,2.258511526,-3.313955158,0.141180141,0.799576537,-1.081217206,0.405236485,-2.053631185,1.365899794,1.205674717,-0.29510767,-0.374885134,-1.308744106,0.808132311,-0.485544593,0.164898767,0.634795347,14,2,2,2
-9.1766357,-2.489266153,-1.233860362,-0.555683908,-2.791222823,-1.840402123,-3.225175859,2.295045158,0.459548297,0.50291729,1.908690377,0.651032971,-0.347540836,0.196436403,0.119602546,1.011669633,-1.214047442,0.14943436,-0.389914153,1.393115544,1.445887578,0.881756854,1.55719902,0.964000873,0.582253876,14,2,3,2
-11.07171887,-7.530838308,-5.714712224,2.226337638,0.424876993,-0.434883353,-3.584592332,1.709178239,1.106867466,1.443666733,-3.662199977,0.14215531,-0.841079156,1.492345406,-0.885930751,0.5493378,0.901478235,0.591489733,-0.6707066,0.939253131,0.234544441,0.447118568,0.846347376,0.077618762,0.826660659,14,2,4,2
-10.2780303,-5.00959333,-8.658377564,-6.357725866,-4.115098125,-6.157764102,0.301369651,-5.751312563,3.907586687,3.412223651,3.619854233,-1.521827415,2.070905094,0.260427505,1.043945644,-0.772420211,-3.086229574,0.261471069,-0.360498714,0.561397684,-1.374843638,-1.616068234,-0.5484686,-1.313678892,-0.599092993,14,2,5,2
-11.72749894,-4.081905656,1.162603915,0.102579356,-1.652970371,4.209090005,-3.194878492,1.017786737,-0.245414019,-0.49008602,0.077578369,0.870002665,-1.148640203,0.186567136,1.18456759,-3.580520243,-0.027782148,0.651103298,0.872191994,1.157113067,-1.440658654,0.648156327,-0.985073508,0.312165521,-0.002179847,14,3,1,2
-11.37217925,-5.16500268,2.053458228,0.521286459,-0.919583001,2.061264845,-2.278059852,-0.018548285,-1.417755656,1.763314541,-2.065915066,0.192468275,-0.961022503,2.123096839,0.546990219,-1.352962406,-1.154556555,0.517709322,-0.595996793,-0.988142949,0.339907656,-0.910559251,-1.808334593,-0.260795081,-0.499310525,14,3,2,2
-9.418013803,-3.360588519,-4.661683053,2.228842624,-0.121310912,0.781236878,-4.31690956,0.218219152,0.539130157,0.433992049,-3.149799297,-0.39306625,-1.5445316,1.468297701,-1.189247253,0.0775568,0.435989546,-1.015260233,-0.237421683,1.015201887,-0.234458264,0.403907503,1.030596422,-0.056665998,0.496273258,14,3,3,2
-10.45735169,-4.971978699,-0.110177353,2.825337597,0.496978662,2.627777315,-4.306884152,0.931134844,-0.717906216,1.950556169,-4.093268688,-0.220398749,-1.011113627,0.712569893,-1.011995796,0.152483044,1.054595691,-0.078435781,-0.121103448,1.167876796,-0.628546036,0.903617394,0.498082362,0.259808287,0.571686968,14,3,4,2
-8.822805081,-3.908188405,-0.6677439,0.383371433,-1.071512826,1.942261973,-4.18694906,-2.855926248,0.129063014,2.201895288,-3.043247157,-0.406190525,-1.105103947,1.531548864,0.848880833,-0.655280013,-0.129717934,-0.745152649,-0.020680809,0.810166291,-0.741825148,0.81471279,0.981073072,-0.79769749,-0.417658546,14,3,5,2
-10.12846018,-3.770258739,0.824548702,-0.02241983,-2.109216809,3.320732977,-2.403360056,-0.79963308,-1.160827817,1.440693627,-0.855770479,-0.397350745,0.517405331,1.264680814,0.80033288,-2.037384664,0.338844079,0.540791303,0.316997341,-1.165534985,-0.476603302,-0.369100731,0.158215795,0.52928048,0.242071981,14,4,1,2
-9.541217323,-2.75647444,0.761514048,0.160002042,-1.281761758,3.030690643,-1.479896751,1.492120463,-0.777935125,-0.445956603,-0.909375418,0.15443861,0.298041197,0.745997422,0.810391161,-2.111559694,0.158069748,-0.077139616,-0.354670284,0.741767017,-0.021214396,0.675970055,-0.158845286,0.736893699,-0.196462317,14,4,2,2
-9.169817959,-6.01532292,-15.12996643,-1.488406768,-0.993282209,-5.009289805,-3.18566778,1.167197519,6.960052743,3.123986278,2.260567332,-3.11140889,1.065973266,-0.079808668,-0.895812902,-0.243895839,-0.222512703,-0.048356128,-0.260117343,-0.128710109,0.205226817,0.644889428,0.685167038,0.68758685,0.787205274,14,4,3,2
-9.392466864,-7.732411854,-16.18195534,0.625360119,-0.649734576,-2.98233963,-4.166710852,4.275325677,4.816085222,4.151512099,-0.657196497,-2.677361496,-0.548828094,-0.805604933,-0.433048851,1.988644813,1.227930188,-2.215460841,0.086994873,0.403159076,0.590798216,-1.103279824,-0.858479682,-0.757517071,0.813549743,14,4,4,2
-8.247629987,-4.11469581,-1.484171458,-0.656000803,-1.881622771,-1.102991732,-0.153218172,1.112649159,0.112205587,1.269094437,-0.6828036,-1.140596149,0.092124686,1.288712735,-0.57123487,0.520781436,-2.292973975,-0.231429797,0.134715867,1.416019332,1.274919747,0.112737732,1.329314481,0.842580186,0.777815132,14,4,5,2
-10.59428981,-3.138500166,1.803463884,0.284959876,-1.453552906,2.583822493,-2.493143024,-0.970651601,-0.934297573,0.964044829,-0.613097883,-0.219655673,-0.280245215,1.944464576,0.934856447,-1.914213902,-0.195353966,0.353139646,-0.089723789,-0.969707372,-0.255722303,-0.371531148,-0.078686646,0.320350638,-0.210888138,14,5,1,2
-11.17785846,-4.754526202,-0.612604111,-0.499206929,-2.321826434,2.842284348,-1.865729197,-0.492067807,-1.187990644,1.459829971,-1.731041988,-0.762537393,0.607615975,-0.569999537,0.465615994,-1.588804797,0.611856957,0.478233251,0.717204688,-0.872291212,-0.916329636,-1.486404994,-0.816724698,0.432366879,0.238810079,14,5,2,2
-10.78912494,-7.012345955,-15.41784971,-0.573644303,-0.18160348,-4.851982309,-4.816247969,2.305294596,5.78492201,3.76720255,1.548832202,-2.887474263,0.106830211,-0.69361791,-0.703690941,0.813297762,0.336994783,0.118222596,-0.340579057,-0.261844556,1.053516894,1.116966814,-0.151199932,0.08084078,0.165283497,14,5,3,2
-9.346363022,-5.945969973,-4.714610291,2.445050878,0.252157405,0.377058434,-3.530582225,1.649768264,0.567647293,1.065432283,-3.704959229,-0.400186372,-1.072744545,1.462437486,-1.136974107,0.495583328,0.71837176,-0.161519568,-0.352369791,0.695353276,0.046936314,0.673241368,0.947153635,0.29341889,0.792198723,14,5,4,2
-9.832684739,-5.640324121,-5.430895485,-0.285085448,-0.830558573,-1.247022518,-0.900484181,-0.700863442,1.851079393,2.073251356,-2.643538392,-1.3654752,0.272762205,1.684643208,-0.043519047,-0.446086202,-0.381680594,0.349615095,0.326669684,0.091013405,-0.041150202,0.281293536,0.785040076,-0.253697138,0.079354953,14,5,5,2
-12.29755172,4.248451324,1.613910506,3.240986515,1.132003224,-7.92572845,3.206280759,5.357205149,-2.528916471,-2.781619999,-0.090592143,1.099399812,4.249177939,3.47662693,-1.365102943,2.31138954,1.646065062,3.360909227,0.661647035,-1.673528372,-0.934744254,-2.077837819,1.370053219,-0.204862967,1.108615191,6,1,1,1
-12.29701482,4.803854905,1.482323303,3.807121934,1.564678889,-6.261083556,0.704168557,3.64113751,-1.088974402,-1.780873796,0.948384725,2.508333877,1.49656182,1.499662384,0.899189219,1.065357942,1.523738393,2.12434464,-0.088455235,-0.449024721,-0.076751263,-1.011152058,0.067032042,0.218079841,-1.075176496,6,1,2,1
-0.945747591,9.571862353,15.34873602,6.140394573,5.152921371,-2.424155927,0.876830698,-6.128251726,8.281342208,-0.991880091,1.110794196,2.093004242,2.224091526,0.966033672,-0.569160512,-0.996636193,0.723767301,1.120309046,2.001227188,0.184667,1.61079908,-0.290678536,-0.312653636,0.511069638,1.042149142,6,1,3,1
1.042397524,9.370469494,11.54110471,8.788832947,7.023306212,-2.245157865,-4.54600364,0.506076658,-1.417004687,0.971333875,-0.148626752,2.0451335,1.198388848,-0.639764584,-1.71613411,0.116444923,-1.207383131,-0.48080016,1.546217668,-0.645439288,-0.854300405,-1.431346533,-0.150163301,0.735587048,-0.085079722,6,1,4,1
4.977452344,10.04412165,1.412003402,2.191751086,2.01534998,-7.459153661,-0.246220026,-4.120109055,-1.087611832,2.011908989,-1.409640578,2.314113682,0.260433127,0.634135399,0.152217608,-0.537084227,0.63141467,-2.775001366,2.958094651,0.752885855,-0.373996825,0.106903045,-0.345850975,0.489514199,1.776453414,6,1,5,1
26.41458605,-16.8768738,1.651396042,-0.94234096,0.653927827,-0.646622213,1.169113876,0.579582307,-0.353122739,-2.078722252,0.233726366,-0.550934324,0.523607241,0.416195497,-0.255277751,0.003990613,0.155473878,0.038570187,-0.290128112,-0.339870112,0.039856921,-0.042835047,0.153523179,-0.089115156,-0.096305731,6,2,1,1
26.51812292,-16.87249464,1.581214135,-1.07981676,0.657666537,-0.655409339,0.928174235,0.296585017,-0.310943844,-1.784027562,0.085913487,-0.451518469,0.416641564,0.282830579,-0.147971358,-0.130075397,0.132225547,-0.145334405,-0.336153388,-0.167471787,0.16499055,-0.060541267,0.224212576,-0.04806567,-0.169727675,6,2,2,1
26.50142604,-16.81205149,2.977282708,-0.487882969,1.308714165,0.205970474,0.349814799,0.010487816,-0.021486153,-1.478791748,0.283782196,-0.503926055,0.540062989,-0.118171945,-0.174112667,-0.207261054,-0.040340796,-0.119986599,-0.230953684,-0.137652549,-0.034055617,-0.128146845,0.290320818,-0.165705112,-0.116709715,6,2,3,1
26.35789708,-17.10504871,1.587308378,-1.111727624,0.611588132,-0.242540871,0.613912133,0.091471191,-0.206485493,-1.900098379,0.224558761,-0.331714553,0.450886286,0.135013838,-0.057982353,-0.332313785,0.430731658,-0.257648352,-0.373500359,0.027573787,-3.59E-06,0.12801917,0.1799981,-0.003966982,0.024652892,6,2,4,1
26.90900706,-16.89365064,1.596693253,-0.762858264,0.964506481,-0.337009731,0.772692407,-0.12223892,-0.256052533,-1.52755502,0.050856071,-0.343146182,-0.039164469,0.046299009,-0.048815469,-0.132545275,-0.096308594,-0.258266976,-0.213918002,-0.019516859,0.225198854,0.055844362,0.230427536,-0.099505729,-0.266651796,6,2,5,1
-4.4927269,13.94148297,-1.966735724,0.454775364,-6.25651666,5.439131877,5.474600891,8.119435188,0.133345123,-0.934752947,-0.695295483,-7.490569254,3.587671576,-1.93710819,-0.104958923,3.11457741,2.352347722,0.07020819,-0.443046719,-1.89436927,-1.560320127,-0.662385022,-0.251454937,-1.418871697,1.132127958,6,3,1,1
-5.963944056,12.58952498,-2.887107694,1.437068045,-3.577996153,4.433821288,6.258196501,8.825913543,0.80711757,-2.337490685,-3.016497063,-6.385567729,1.191056582,-0.215668991,0.189134348,-1.158688638,-0.078454524,-1.861835808,-1.556022471,-0.018876755,-0.884392357,-0.835339116,-0.32261338,0.442255388,0.59904755,6,3,2,1
-2.093176846,8.919529352,-1.911395865,-0.597591938,-4.763624325,2.107463774,8.785383686,3.344919463,2.580919004,-1.428195349,-4.047124807,-4.675972848,0.601441511,-0.322630729,0.801835588,-0.753767928,0.153618719,-1.044435809,0.178363152,0.728922243,0.952324041,-0.41036731,1.072838537,1.263402321,-0.902128375,6,3,3,1
0.989175926,10.65991443,5.925466778,-0.279963976,-4.693687492,6.230702567,9.316173223,-5.079014588,10.69194574,-2.342700413,-1.672167968,-5.298314691,0.590851415,0.511438874,1.467999684,-1.642833019,1.847127774,1.135237635,0.529606563,0.078224251,1.796763467,0.653118697,0.472425795,0.484505112,0.564801626,6,3,4,1
-0.581308146,8.566133607,0.174617125,2.679281321,-0.781882675,5.351447678,6.669758399,2.291494779,3.281195697,-0.477491293,-0.674606992,-5.604915973,1.263766402,-0.069107581,-0.08348226,-0.261881958,0.032582636,0.67123936,0.298745426,-0.508634555,-0.548840818,0.6327182,0.975107583,0.59320584,-0.050082386,6,3,5,1
9.690989529,17.74892163,-3.802573362,2.527249532,-0.301705869,-8.348744538,3.289712134,0.872065911,-2.326084458,-1.880985996,-1.839337902,-0.828965176,-0.349647727,3.535311812,-0.568977027,-1.947169028,-1.081852377,-2.177649927,0.543401032,0.203724303,0.109115011,0.672118834,-0.125712591,0.530613305,-0.012668393,6,4,1,1
8.510404811,17.04982541,-1.755725842,4.67401851,-1.972002967,-6.962647216,3.904344514,5.111080944,-2.472939869,-4.667129446,0.944478926,-1.343355494,2.256958885,3.490688702,-0.343656037,2.758741591,0.573835067,0.443946203,1.869352516,-3.441604328,-1.027406629,1.047992729,-1.529354667,-0.806739949,0.145060562,6,4,2,1
13.15672904,18.37173848,9.206675586,10.92067275,6.221302876,1.819014042,-4.525486476,1.958107682,-0.08979562,0.994272217,0.534984247,-0.999922301,0.731612167,-0.735256917,-1.948868637,0.652179931,-1.325839307,-1.841525817,0.452809393,0.02002521,-1.845695458,-1.354354615,-0.269402438,-0.015017112,-0.090343798,6,4,3,1
10.88988809,17.72341077,9.803385166,8.297047508,4.148927239,1.0481535,-1.740691664,-1.805441451,3.940650163,-1.163244715,1.038957564,-0.380926568,0.814413461,-0.848578294,-2.245886962,-0.337621012,-0.016190102,-0.315124528,0.315309857,-0.823505942,0.464396581,1.351558887,-0.751533574,0.941813067,0.086688422,6,4,4,1
12.88570948,16.30052474,-2.152608495,2.582386269,1.308240727,-3.409641604,-0.780497887,-2.235599185,-0.897570906,1.239715086,-0.768235531,0.644600308,-2.805926292,-0.183366955,1.167650951,1.471641518,-1.520428173,-2.802747429,1.486479111,0.004978027,0.251576687,1.295933317,-1.558642159,0.200431232,-1.392619317,6,4,5,1
22.90308326,25.75737982,-6.609678598,1.490232314,-1.854641596,-3.9071166,1.936504982,-2.831248605,-1.947558988,1.271005204,-2.318267616,-1.819756997,-3.537185239,3.120147244,0.937165099,-0.720779944,-3.229112839,1.290068681,0.781458973,-1.191365032,0.364521737,-0.940038246,-1.044735981,0.118112574,0.533371571,7,1,1,1
22.66958944,25.35675261,-6.817751208,1.265427059,-2.476903713,-2.398686953,0.509866317,-5.108725681,-2.049925151,3.230810416,-0.58143829,-1.613490101,-3.684196383,2.205490436,0.643079117,-0.561146505,-1.985797487,1.246237033,0.42763599,-0.93188095,0.945654733,-1.750559885,0.072086141,-0.780006906,-0.972275855,7,1,2,1
29.2342992,17.55122097,-11.032142,11.65261143,0.356752644,4.153542537,-9.187225411,7.623455507,-2.280236635,1.955570948,-2.472278001,-0.60184191,-5.433841103,0.834090996,-4.304730259,5.375789265,2.742451706,1.213615104,-1.497582995,0.726753827,-0.36254033,-0.181331085,-0.78615133,1.960546026,-0.62941308,7,1,3,1
28.89784507,18.34704654,-5.430927742,2.903667298,-3.497635819,2.020494474,-0.123271337,-7.379525036,0.503385056,4.877697314,-1.657937045,-0.05241338,-2.74414894,-0.561672259,0.790231211,-2.001679316,0.114502586,0.262770842,0.732025482,1.736782119,-0.124409188,0.353989294,-0.229330071,-0.356303956,1.086374123,7,1,4,1
30.5360447,15.79563659,-5.481067227,1.671257759,-4.364152571,3.342891262,-1.778422927,-6.161238022,-1.048911163,5.043095191,-1.346662977,-0.855076728,-0.440040043,1.064550738,0.573133537,-1.491587057,0.235895225,1.218170338,-0.007436992,0.979357646,-1.423008225,-0.281980613,-0.403553117,-0.45837031,1.965433146,7,1,5,1
3.507323801,23.45984794,-8.565473372,1.450004415,-3.884417398,-2.208151845,-2.657300936,-0.550056887,-7.028944882,-2.526459591,-1.130079123,-2.820952595,3.609407087,-4.623797369,0.100189944,-2.062585908,1.968069299,-0.711649539,0.293927014,0.626867322,2.027634644,0.618804294,-1.361789034,-0.678928772,-1.396383745,7,2,1,1
28.56650056,-20.71378294,2.096220247,-1.536561084,0.831355708,0.000199236,0.627016857,-0.063708735,-0.139458666,-1.605433638,0.179417329,-0.232989723,0.394951883,-0.036657636,-0.161754922,-0.146155069,0.120496245,-0.080211444,-0.294496009,-0.058416736,0.103596919,-0.016366756,0.122719772,-0.073210105,-0.071169069,7,2,2,1
28.56223352,-20.71834176,2.088315559,-1.541739381,0.829891345,0.00353482,0.632072338,-0.056454637,-0.143538505,-1.598145247,0.182226316,-0.232729449,0.396539959,-0.030345733,-0.161134103,-0.148986117,0.127994561,-0.070194936,-0.28107887,-0.053135772,0.109997321,-0.020957921,0.128237375,-0.07696351,-0.075767216,7,2,3,1
21.67576454,20.93101128,-5.228918492,3.284736799,-1.801246168,-3.422018093,2.295804371,-0.839435987,-0.676733691,1.17398267,0.043497361,-1.500989322,-0.551668052,0.26797088,-0.466227232,1.290549107,-0.041495594,1.187425492,0.978817132,0.414607056,1.141500993,-0.928293197,0.934668902,0.545520297,-0.636055331,7,2,4,1
28.56393075,-20.7181674,2.086621701,-1.545736079,0.82938923,-0.000901753,0.631118934,-0.062181705,-0.13162903,-1.603384146,0.189596026,-0.233557315,0.393120443,-0.039951472,-0.160862699,-0.141764229,0.118577263,-0.079826802,-0.288746819,-0.057678841,0.104710793,-0.023320028,0.128552629,-0.067031465,-0.073678953,7,2,5,1
10.1561737,24.70826055,-9.343769732,2.760555081,-4.776174636,-0.084046698,-5.30911677,0.51802293,-7.377934539,-4.139290537,0.777079517,-0.730430135,2.25119949,-4.406166335,-0.878351376,-4.738472088,0.104934274,0.431105344,-1.151050507,0.192440289,1.399183875,1.843225972,1.193551316,-1.27999638,2.032639744,7,3,1,1
28.56330908,-20.70954107,2.098674967,-1.542619362,0.835895624,-0.000405147,0.636698083,-0.071689469,-0.138421259,-1.601509919,0.187985487,-0.23620075,0.397081459,-0.034290408,-0.158574137,-0.146861871,0.115246479,-0.071085507,-0.279622493,-0.056944421,0.107050529,-0.023749462,0.123338022,-0.068693179,-0.078847102,7,3,2,1
28.56412212,-20.71708966,2.095028709,-1.53427026,0.831646318,-0.002660521,0.632215586,-0.068951827,-0.144228801,-1.600621582,0.187546979,-0.232149782,0.390584233,-0.037556619,-0.155698364,-0.150151051,0.119392338,-0.083268002,-0.286644291,-0.054919846,0.109252423,-0.021275435,0.126823758,-0.071771554,-0.077355054,7,3,3,1
27.22284582,21.24558301,-4.298067733,3.488550513,-1.575417423,0.726327754,-1.031892926,-1.000319711,-1.163206654,1.94096274,-1.725266275,-0.921596856,-1.208033476,1.11659515,0.535246502,0.97757222,-0.958798081,2.229482696,-0.275741442,0.997618226,-0.239603218,-0.698147777,0.615018931,1.046243144,0.586930131,7,3,4,1
28.55594442,-20.71620752,2.105536351,-1.547795653,0.836119041,0.009916884,0.634117848,-0.063572433,-0.142477045,-1.605047716,0.181788025,-0.230143363,0.386543767,-0.031580134,-0.161437052,-0.152755798,0.118942228,-0.076788584,-0.282997991,-0.053462345,0.10759549,-0.01192207,0.125628513,-0.062794916,-0.08162652,7,3,5,1
14.97007621,28.6377405,-9.432152667,0.916388577,-7.741175208,-0.223292114,-0.656568505,-1.397743546,-3.92247295,-4.558257679,1.478022529,0.155480353,1.651775578,-2.211331382,-0.561928895,0.391537058,1.881706319,1.838490217,-2.128174464,1.80920075,-0.277197714,-0.993631864,-0.066575982,-1.252173929,-1.290027081,7,4,1,1
28.57096249,-20.7118977,2.094301336,-1.544239162,0.830185925,0.00270897,0.630252085,-0.063002977,-0.139869857,-1.59907462,0.186518207,-0.235035078,0.400249356,-0.035781664,-0.162625181,-0.143304923,0.123673434,-0.078194679,-0.286419206,-0.062586333,0.104307104,-0.018638854,0.127810062,-0.067310718,-0.07387307,7,4,2,1
28.56245426,-20.71896713,2.091121959,-1.548227643,0.83558753,-0.001267823,0.636756484,-0.064635054,-0.138326163,-1.603343981,0.183153781,-0.226874663,0.391624139,-0.036601957,-0.162923015,-0.149276935,0.118083269,-0.080423317,-0.284437237,-0.061959579,0.098950048,-0.022809621,0.13069115,-0.071201609,-0.078139024,7,4,3,1
32.95216752,22.43697992,-8.24839992,2.225910018,-2.220747051,2.966776475,-1.130311539,-1.563387428,-1.63910685,3.617249268,-1.077968753,-0.81283111,-2.181009204,0.829960447,1.257734487,1.452756641,0.022000103,4.963240809,-1.436095867,1.174931296,-0.513213382,0.171700189,-0.902753495,0.083058151,0.481551281,7,4,4,1
28.56038689,-20.71648294,2.091453933,-1.540722007,0.836799252,-0.004977429,0.627002394,-0.067536466,-0.143106395,-1.608940462,0.183314978,-0.232159326,0.393181102,-0.034700009,-0.167197524,-0.140629634,0.118120789,-0.081439573,-0.278465067,-0.052425722,0.106244165,-0.022548107,0.130664538,-0.071971601,-0.07872345,7,4,5,1
19.11883233,19.06595991,-5.515690839,2.653589853,-8.265865579,5.424583327,9.861690503,8.897629114,7.238093714,10.08930805,0.268407739,16.06973174,0.226093249,2.832192584,-1.571236564,-3.136792628,-1.160256675,-2.664669016,-3.684295514,-3.41276786,-1.129837414,1.881159772,1.043775306,-1.220756261,-0.805219915,7,5,1,1
28.55649377,-20.70776302,2.095767313,-1.551598965,0.838099567,0.00125694,0.633482689,-0.067879618,-0.146623728,-1.602794538,0.187131433,-0.240649962,0.394300059,-0.032650995,-0.164174,-0.142910915,0.11663191,-0.084612951,-0.281328245,-0.054599333,0.106103504,-0.01647727,0.12050082,-0.074226563,-0.07862149,7,5,2,1
28.56149061,-20.72032139,2.099240869,-1.541011604,0.830518252,0.002543299,0.629521054,-0.05777464,-0.147151431,-1.607826581,0.186609102,-0.232202862,0.395970558,-0.037871978,-0.155871173,-0.14447685,0.120792089,-0.080444294,-0.283156893,-0.062855774,0.111674309,-0.021678973,0.12857647,-0.073534354,-0.0781351,7,5,3,1
21.68397591,12.38955967,-6.154383734,2.072524769,-8.909660694,12.35591638,2.757561744,7.05436563,4.005736616,10.13835294,2.932683843,10.67050668,7.98662795,-2.286432212,-0.570167077,0.119219086,1.127352856,0.932266554,4.402427113,1.999965562,2.055136328,-1.273559409,-0.14049349,0.296601447,-0.168628685,7,5,4,1
28.56225906,-20.7128301,2.100349695,-1.539195813,0.830807926,3.68E-05,0.625224071,-0.06795593,-0.137517883,-1.600589869,0.178112629,-0.236311669,0.389315078,-0.035195328,-0.161348694,-0.152919219,0.119282697,-0.077794782,-0.288113579,-0.060189706,0.10046,-0.02371272,0.126956998,-0.068431932,-0.077982465,7,5,5,1
-6.414591076,-0.901649928,2.699984758,1.732470522,2.183867529,-6.741593624,0.942078547,1.870794884,-1.837916634,0.028200515,-2.27027707,2.205184413,1.175561771,1.639708778,0.545562552,-0.544356539,0.569047195,0.602496337,-1.007526011,1.833092941,0.84313908,0.843322176,0.739122092,0.204549581,0.562512837,8,1,1,1
-6.939356597,-0.240798374,2.693641678,2.128838625,1.59673763,-8.035978751,2.636690656,4.487950499,-1.914587538,-0.415666872,-2.194525249,1.278499644,1.629469964,2.141558154,0.253505921,1.883286453,-0.135142319,1.850697186,0.608132307,0.174115949,-0.111329599,1.426537254,0.220501322,-0.598110322,-0.648835197,8,1,2,1
-0.144795412,8.036333241,14.06739764,10.72065355,9.006434693,-0.380624023,-5.42352357,0.211524319,2.280219967,1.257584025,-0.205253341,1.296573998,0.062720801,-1.226892078,-2.889040393,2.166699854,-0.551473588,-0.317352784,-0.336597112,-0.792062689,-0.071992075,1.777250099,-1.539529393,0.632413944,-0.63679233,8,1,3,1
-0.958599622,5.204194711,1.167996209,0.609379026,0.613088455,-10.44889788,2.799081517,-2.118649751,-1.247652216,-1.929282154,-3.416366121,3.085988863,-1.015817225,1.837049267,-0.912057356,-0.973763135,-0.585213869,-1.543861655,1.426329984,1.341812115,0.172625532,0.329589716,-1.089862535,0.562568317,0.549831399,8,1,4,1
0.129088607,5.568634516,2.095525053,0.869608486,1.722206148,-9.389282661,1.627982979,-2.114224591,-0.879173827,-0.476642283,-2.005586583,3.133697048,0.004800139,1.459380646,-0.04470587,-0.547992294,0.513798752,-1.663206094,1.727510265,1.338313222,-0.059682885,0.491702773,-0.256149938,0.60393967,1.63166959,8,1,5,1
-10.14555051,-5.013631557,3.185028379,0.94207253,1.621513747,-3.25069822,0.669294588,3.120400667,-0.667772572,1.524881503,-2.176481457,1.031457831,0.863712145,-0.630615817,1.076695171,0.612012431,0.129175815,1.960952566,-0.89456307,1.76833652,0.295259703,0.227205146,-0.996160108,-1.514932851,-1.666039922,8,2,1,1
-11.22813891,-5.467375508,2.301124789,0.402484442,1.232563773,-2.128735359,1.662623184,2.973194673,0.260152118,1.469584331,-1.098793416,1.971620822,0.868983285,-1.28468818,1.482087036,0.696847201,0.406341828,0.713196111,-1.255071458,3.724197533,-0.08001303,-0.303472621,-0.535409287,-1.256969244,-1.033890609,8,2,2,1
-3.302511856,5.595720968,15.13242656,8.898910759,7.708003909,0.650550749,-2.485862356,-1.497756162,3.954485714,0.5642811,-1.505253821,0.091099757,1.369543688,-1.353352226,-2.32836125,-0.000144925,-0.660947228,0.864787156,-0.584991962,0.16456757,0.899115823,-0.501044316,0.851395463,0.698440881,0.376226168,8,2,3,1
-5.840331798,0.706900922,1.634757894,1.249617487,2.048970211,-5.76493816,0.787312003,3.286662117,-0.7022677,-1.602620743,-1.540120441,1.621750511,-0.417397538,-0.091223955,0.63414262,-2.051810204,0.40744639,-0.749190447,-0.036147025,2.399428457,-0.417776815,-0.202698334,-1.77749246,-0.591237333,-0.616821463,8,2,4,1
-1.620537391,4.402588805,4.828164035,6.01347838,5.812131994,0.108260053,-5.808667975,2.412640888,-1.60141936,1.256554077,0.475080842,1.422545265,-1.150441821,-1.84722495,-0.952172653,0.802635105,0.891131468,-1.962447833,-0.372397024,1.20578662,-0.186990743,-1.440906346,0.752608041,0.245037386,-0.978614156,8,2,5,1
-6.88201396,4.107331946,0.699341675,1.839572385,1.510510115,-3.809073681,0.203881731,3.912773727,-1.566248963,-1.558974392,-2.049544161,-0.656051978,0.116715237,0.42165747,1.433795459,-3.302744284,1.387594749,-0.664865552,-0.400462139,0.876827943,-0.155349333,0.770695544,0.140069435,0.107448756,-1.194288308,8,3,1,1
-6.39038567,4.10052146,0.598699001,1.633806953,1.147919436,-4.155061429,0.820020822,3.073533815,-1.368100944,-1.434282433,-2.334808937,-0.545300205,-0.172319568,0.802009896,1.368587006,-2.752528732,0.646286021,-1.045001597,-0.52156098,1.210687644,0.110945269,0.871088159,0.522664551,0.050675907,-1.273100444,8,3,2,1
-2.997411472,5.717326251,9.441700088,7.841695778,6.748617271,0.608013851,-3.485354093,2.29952055,0.771932006,1.163804855,-0.979111553,-1.313162812,-0.243852814,-1.238448638,-1.481624537,-0.078824622,-1.020135794,-0.353245687,-1.054059873,-0.517980501,-0.424514782,-1.241625345,0.775054495,0.627041092,-0.176572828,8,3,3,1
-0.049055929,8.716385001,14.22958234,8.30106069,6.678803053,1.764559536,-1.012140503,-1.240694998,5.394100977,0.320817453,0.051697303,-1.982882395,0.881165394,-1.04318998,-1.547108057,0.709238054,-0.883575772,-0.022720224,-1.022481117,-1.290522074,0.867086961,2.034902787,-1.143745599,-0.622879867,-0.629619544,8,3,4,1
-4.920330485,1.630599902,0.727873496,0.744775537,0.591488487,-5.603078824,3.796813277,4.833852949,-2.369055786,-3.386660586,-2.645787003,-1.325023997,3.017462734,2.80944948,-1.081638273,-2.058097884,1.083788616,0.736404196,-0.377787989,-1.697497072,-0.995938773,-0.396373441,-1.039932858,0.151685995,2.093690076,8,3,5,1
-7.402554731,-0.220066566,1.815610359,1.111078947,1.259720975,-6.814141221,4.933472575,4.17990744,-1.216934935,0.070826108,-5.123292778,-1.268421064,-0.312794043,4.492863925,-0.416527082,-0.676684289,-2.958430926,0.260280955,-0.200175234,0.112741998,0.510553244,-0.118348354,1.173249838,0.057125386,-1.421893516,8,4,1,1
-8.141737488,-1.291332036,1.682587767,2.095562163,1.560169931,-2.587847809,0.631222727,4.129431509,-1.474914552,0.189941505,-1.50720737,0.25464442,0.516290506,-1.029781741,1.986882501,-0.717224373,1.330185022,0.644657299,-0.446942574,0.401243525,1.242514084,-0.673746506,0.068498412,0.175378274,-1.682427798,8,4,2,1
-2.863925482,4.422845138,14.92272578,6.729615153,6.877654454,1.6977941,0.423340266,-0.872941529,5.07495325,1.293567956,0.161864305,-1.923075114,1.680446445,-0.689082286,1.004623238,-1.356079918,-1.295683802,0.247106401,-0.360509513,0.363307324,-0.377725459,-0.926575525,-0.200217417,-1.923222609,0.455654002,8,4,3,1
-3.189537771,4.454864277,15.52120627,7.703791564,6.935722183,1.531687026,-0.07939702,-2.114668384,5.956975585,0.560803423,-1.277392265,-1.027498033,1.707160056,-0.664352369,-1.136374039,-0.905492803,-0.690680594,0.842694124,-0.629188343,-0.017405522,1.304476807,-0.03299365,0.884243047,0.301988202,0.649177595,8,4,4,1
-3.417688758,2.325295302,12.62546317,9.285145076,8.275033503,2.166617175,-2.648416184,2.113886503,0.944603556,2.946803268,-1.190743219,-1.766744994,0.652902358,-1.865742327,-0.886180599,0.832356224,-1.056648289,-0.754835607,-2.078150575,0.48825676,-0.619564542,-0.948170554,-0.131868917,-0.430611229,0.639011471,8,4,5,1
-3.447167641,1.86649647,0.961510391,1.305971495,1.60072538,-3.696268546,-0.346544753,2.811415988,-0.781361867,-1.072456651,0.172224561,0.648365291,-0.499574476,-0.77241655,1.960843207,-1.522534457,0.904948956,-0.417563048,0.000225612,0.319312997,0.725917495,-0.981278496,-0.205315366,-0.172577515,-2.035634172,8,5,1,1
-4.116808476,1.144180627,1.824163785,1.650063233,1.502570963,-4.927044011,1.828981388,2.03719159,-0.771626773,-0.100677603,-2.194306248,0.215455396,-0.725916124,3.006045994,0.840300228,-0.877324244,-0.735511131,-1.060449783,-0.957568603,1.087313539,0.821426938,-0.911128313,1.980898018,0.323308536,-0.776961843,8,5,2,1
-1.830568253,4.226769641,13.3584802,6.308379044,6.091028603,0.704306102,-0.41538015,-0.912354712,2.743085,0.801708159,-0.061357705,-1.140247404,1.76602243,-0.744940624,0.247968075,-0.857314829,-1.255224336,0.534357937,-0.029583891,-0.337260413,-0.114315917,-1.017923741,0.107278567,-1.285762883,0.482581735,8,5,3,1
-2.383910127,3.168929876,8.984777536,6.735263082,5.71591425,0.187051122,-3.176167497,1.893986809,1.385260159,1.137386034,-0.675262712,-0.314264205,-0.386288849,-1.458722238,-1.327424748,0.423087305,-0.584930713,0.014633988,-0.340575524,-0.138190555,-0.188218049,-1.320066665,0.896655007,0.685437927,-0.483101844,8,5,4,1
-3.28316295,1.352668595,0.756983239,0.473281689,1.409780139,-7.009983278,3.675037734,3.077476481,-3.005260014,-2.705238269,-4.155174578,-0.394257965,0.636686929,3.181721294,-1.292535716,-2.253910623,-0.805255909,-0.073002301,-0.395845801,-0.761741397,0.032524151,0.259947894,-0.962785132,-0.107161022,0.455406534,8,5,5,1
-4.913293923,-0.877913229,1.318518679,-0.682321775,-1.628178227,-0.06167419,1.117900141,0.324934892,1.199299717,-1.763565552,0.044972425,0.346958236,-2.069172072,-1.999689388,0.30465952,-1.830144838,-0.296439888,0.508544462,0.788840707,0.604280591,-0.244407663,0.750809211,-0.167096002,-0.245145317,-0.383307078,9,1,1,1
-7.344439739,-1.412574889,1.918054735,0.832830147,-1.791509385,2.387978871,0.363862083,6.203351226,2.162038359,-5.576244969,3.936812889,2.325079609,-3.731665735,-0.565487787,0.218943026,-0.834030257,-2.011329949,1.344363071,0.807907952,0.17621632,0.896341325,-0.214458601,-0.26275314,0.134868565,1.190772429,9,1,2,1
-1.02743139,1.455370141,12.42648848,-9.341133033,-5.115389738,-1.879080297,1.609677936,1.56412743,-2.979855781,5.220594657,4.876211982,-2.922508552,-0.05375523,-0.618088592,-0.669962521,0.580719997,-0.336782013,-0.385387834,-0.844009945,0.074542832,0.454987468,1.451754692,-0.557420646,1.335187599,0.061438733,9,1,3,1
-1.454932965,-0.610668415,-1.171805776,-0.242455733,-0.677719078,-2.424033263,0.245417378,3.139433754,2.939211786,-1.591287517,2.482431137,-0.252312316,-2.744470862,-2.083416039,0.044051076,-1.884043747,-0.63323685,1.003276745,0.488630875,-0.69368109,-1.660860519,0.669984399,0.966903417,-0.251872831,0.23380369,9,1,4,1
-4.634805085,-5.102765639,-0.431239246,-0.172307289,-1.214816811,-0.312365543,-0.069470562,3.634965379,2.528685721,-1.879069215,1.687267492,0.255527501,-2.444432998,-0.924674593,-0.491015078,-1.332344982,-1.451849196,1.776125492,1.02903751,0.49378343,-1.113354153,0.539375344,0.5654043,-0.501052672,0.570801821,9,1,5,1
-7.566512414,-2.970687931,1.680460979,-0.481309475,-1.428635096,-1.617699672,0.353443991,1.474076,1.037513809,-3.075392934,0.431944029,1.930594628,-2.089434544,-1.976933217,-0.338552836,-0.251562005,-0.107021734,1.743723302,0.791499215,0.567686276,0.198257179,0.106579439,-0.801259921,-0.169144741,0.470410389,9,2,1,1
-8.429253315,-2.753628964,2.678683121,0.914228397,-1.045833056,1.962625018,-1.305273146,3.051928233,1.337680389,-3.206270523,2.957112898,2.633785279,-3.150063738,-0.755545869,0.774114821,-0.694225467,-0.385115641,1.110499117,-0.239937144,0.203721635,1.074161375,-0.610477733,-0.743639278,-0.179818998,0.879695596,9,2,2,1
-4.651299809,0.140010373,14.86769301,-10.00660167,-3.391871414,-2.295505805,2.145283364,-0.09379064,-2.731912963,5.141527461,4.888477976,-1.064950948,-0.319872703,0.116398659,-0.715883195,0.227023714,-0.891056391,1.528183859,-1.064271505,0.258480685,0.154561623,-0.421467896,0.551856874,1.623614504,-0.557633179,9,2,3,1
-3.494938898,-0.871174607,0.546358654,-0.253874236,0.692822895,-5.405790126,1.722740677,2.585432247,-0.259722894,0.83997079,1.640381855,1.186472408,-3.914637877,-2.81223872,1.345104927,-2.327256531,0.479626928,0.183691199,-0.420754713,-1.565855442,-0.194977714,0.940962276,-0.06349915,-0.273506419,0.765333612,9,2,4,1
-4.588676761,-1.794414262,0.042262289,-0.529691519,-0.621827411,-2.757343935,-0.230494074,2.434768728,2.423868841,-1.747569316,2.907746326,0.722752904,-2.530480063,-1.579625696,-0.289360884,-1.493270614,-0.837967744,1.751496458,0.659662218,-0.179247734,-1.719788337,0.678779867,0.729531167,-0.801429413,0.234277514,9,2,5,1
-5.975473221,0.924297255,2.663681911,1.63438534,0.566418509,-1.641889371,0.25751552,0.029297985,0.808651143,0.014658543,-0.266394959,0.902202026,-3.451558199,-1.828308832,0.740525703,0.370378801,-0.26010185,0.136387815,1.015327678,-0.739242627,-0.317639195,-0.960523164,1.136030939,-1.0766913,0.138312775,9,3,1,1
-5.574476719,-0.061683,1.301764667,1.07204555,-0.287567178,-0.841548421,-0.467914821,0.785271927,0.662585004,-0.387680021,1.16832254,1.303257787,-3.036924667,-2.945412318,1.39544838,-0.021045538,0.290979423,-0.741056648,0.183853661,-0.821354902,-0.016595541,-2.036022896,0.078914985,-0.675351343,0.133637516,9,3,2,1
-2.467931385,4.039188829,17.74420252,-9.007181362,-6.619993522,-1.906523706,1.758964656,0.250739299,-4.375041751,4.138312084,3.471584781,-1.55800053,-1.263777743,1.217582109,0.609670813,1.93874192,0.626691098,-0.773207401,0.301685368,-0.283173505,0.877363667,0.504993518,1.447703879,-0.75962448,0.527054145,9,3,3,1
1.191583794,5.924659699,15.72894357,-6.164444049,-5.371194598,-1.525417609,-0.043840549,1.247239903,-4.489339639,2.725794955,2.208098977,-1.259485231,-2.000377158,1.070549664,1.504785247,2.687253772,1.887863307,-1.434865938,1.264899701,-0.770624812,1.096342448,0.275730629,1.489519574,-1.38248685,0.359130876,9,3,4,1
-0.983811611,3.426816048,3.525463104,-1.827392733,-1.476892639,-3.098746758,0.911224699,1.00122833,-0.952636795,0.106463437,2.680209681,-0.557675386,-2.065951183,-1.294645376,0.875220493,-0.116492958,0.562795204,-1.107816086,-0.757060331,-1.410506897,0.536285853,-0.405434226,-0.7695166,-0.581824413,-0.197780359,9,3,5,1
-7.325315272,0.086122114,2.192456125,-0.652643886,-1.577846684,-0.36814158,1.517064282,1.060633912,1.020578925,-1.367955114,0.407688029,0.452735765,-1.832916771,-2.286404829,-0.029538321,-0.1288638,-0.430132241,0.656079055,1.595434794,-0.176216541,-0.035867882,-1.364390244,0.59524987,0.024446371,-0.160239719,9,4,1,1
-6.246982058,0.141486261,2.672371829,0.417004373,-0.843475085,0.517765443,0.362860892,0.566750656,1.319742744,-0.501571248,1.044333199,1.167312698,-3.805492229,-2.018510481,1.283580825,-1.173416506,-0.011560249,-0.165763351,0.169057905,-1.110599626,0.582497725,-0.630695206,0.488007816,-0.057812592,-0.065635074,9,4,2,1
-4.208492808,1.805448038,15.27777767,-9.932342151,-6.092789844,-1.949346909,1.486528289,2.364044114,-5.582311435,5.338204515,2.890819238,-2.932510668,-0.491615984,-0.269378586,0.616267025,1.361024625,0.613988942,-0.914203732,0.188098172,0.910889447,-0.228696871,0.185935584,0.164716031,-0.12883337,1.022679627,9,4,3,1
-6.74633199,-1.987080072,12.3473219,-11.78152127,-4.788275159,-1.95683589,3.63447036,0.952855775,-2.911105949,6.73178153,5.733204778,-2.709918987,1.608418819,-1.2703349,-0.859727337,-0.413990259,-2.012740372,0.215582212,-1.718350265,1.708384528,-1.254414996,-0.428541101,-1.095944081,1.313597286,0.281999534,9,4,4,1
-4.738468437,-0.852863328,12.33060386,-5.539869273,-4.32788076,0.028545525,2.52273878,1.135466681,-2.231615902,4.117110209,3.311610161,-1.666720566,-0.158435797,-1.013309614,0.265171129,0.885539247,-0.559601142,-1.092270314,-0.987513216,0.747778721,0.255888405,-0.618740336,-1.18442225,-0.222507379,-0.370130541,9,4,5,1
-6.732294825,-1.612096553,1.444811289,0.017989669,-0.850488983,-2.93188598,-0.45404108,0.830803217,1.261136645,-3.004508933,1.572325132,2.78211894,-3.254412279,-3.385825365,0.174662826,-0.683156265,-0.078216166,1.547504772,1.336424303,0.39052055,0.02600861,0.254416884,-0.255132965,-0.507648051,0.517811705,9,5,1,1
-5.575591212,0.048659363,2.84916738,0.289689241,-0.38746629,-1.731860669,-1.180699425,0.547480748,0.428666928,-2.47057411,1.75542539,2.558898661,-2.250251301,-2.668799162,0.210501512,-0.824355477,0.888238608,1.192273949,0.77102315,0.374679861,-0.238839613,0.740740907,0.264555668,-0.420620481,0.076048372,9,5,2,1
-1.032799228,3.510502864,14.69544976,-8.202122483,-5.310237227,-4.014350342,-0.310695193,0.517868052,-5.057604498,3.61598278,3.443919284,0.084960436,-0.772591776,0.800899741,0.689475473,2.093517186,0.853329694,-0.814356652,1.170638955,0.470768706,-0.104433559,-0.283193457,0.323778168,-0.724553598,0.655116986,9,5,3,1
-2.941914036,2.556878629,15.67630266,-9.488303415,-5.067008836,-3.962885397,0.535869502,0.854592375,-4.303783156,4.682290045,4.752139834,-0.980680374,-0.728036387,0.034829966,-0.652566743,1.438268752,0.765225944,0.018366248,-0.656535228,0.193746798,0.558358637,1.990464255,-0.611339879,0.845404489,0.731359404,9,5,4,1
-1.372238276,0.421358751,1.351416266,0.59517509,1.148871791,-4.941478855,0.012998442,1.58622566,-0.1816148,0.540671681,1.513234967,0.947777616,-1.905255666,-4.039041315,1.295666868,-0.524911638,2.748829932,1.350046087,1.777692998,-2.940010915,-1.802399372,0.627200914,0.31293006,-0.052485451,-1.38598508,9,5,5,1
