PC1,PC2,PC3,PC4,PC5,PC6,PC7,PC8,PC9,PC10,PC11,PC12,PC13,PC14,PC15
-1.3250762292211316,-1.2988293305720102,-0.28204475439219545,-0.6557118912924712,-1.2547294008623033,-0.12230665991262621,0.49403596928568,-1.2961521225018147,-0.3313723357605094,0.9871493088617872,0.7257594241438684,-0.5255632411742784,1.0451967017400907,-0.7834034376519946,-1.029391498996212
-0.4907251996629348,-1.3918114305806684,2.2967114700887516,2.3418893606265385,-0.3344785993990497,2.6226340927402787,2.672692958170694,1.2262907189488894,0.58012871748837,-0.04416089269678455,0.4962349460946604,0.5764933110802979,-0.651003698739237,-0.6450198437967807,0.4518421032598707
-1.4817473812386945,-1.511650014720558,2.015707144386767,0.5582580381119833,-0.5531664256946869,2.2137246074041323,2.2460909918913914,-0.41939356762355273,0.2954277739381957,0.2386479810653169,0.44544592096657504,-0.39370020120780275,0.5461659152013476,-0.94601908392181,-0.2995065583930243
-0.26865705937844625,-2.2071100887941757,-0.5349490934994883,0.40187397410811154,-0.7756296717747342,1.9663606908782134,-1.241583092690056,0.24045068476278292,0.8636766211418867,-0.20196074204409933,0.13900745128407951,-0.1666595847687163,0.1225275243064317,-0.6688426176554348,-0.49803208952715217
-0.5363651043636536,-1.978136024969871,-0.1419909073462964,-0.6742396409067393,0.5340694029853648,1.2404513671794863,-1.5316319586359695,0.5495092651488613,-2.0746679706597937,1.2298362717881388,-0.041058947234683354,-1.2765629896341932,-0.6121688197705427,0.8066351736775995,0.0693759323093435
-0.7177563272490763,-1.8930225968732812,-0.019311180406241985,-1.5163180912607825,-1.292015039474428,0.4900224718422876,0.17265081710446828,-0.32833383722552945,-1.1726228539056374,-0.15396979090007934,0.07141768269689895,-0.46321640713592477,-0.7857016415437861,0.2057974862659082,-0.5356747500567982
-1.0766672532540829,-2.1294304827000485,-0.029481892449763018,-0.775769568298614,-0.43284235963544965,1.0062442914693572,-0.8704980592691188,0.18298484046594599,-0.34926759340536917,-0.6695906438769043,-0.08216313887916928,-1.2506737918445436,1.2020533347072486,0.24806291365768554,0.22015416678318145
-0.9934290211712471,-1.788757051648658,1.0045329710000006,1.4250739165214703,0.02724106686620295,2.749118765332406,3.6680322266776844,1.9823286158446616,0.2571579648795729,0.9592062783491067,0.44917643814767694,-0.6214154038335653,-0.18606706720743424,0.35840591635711766,-0.30534961160707424
-0.1790589084093922,-1.2481222129443563,0.36991303423587796,0.5632911678333243,-0.5307549723479789,0.5317232554069561,0.5189535310795625,0.587790060153554,-1.014500562430963,-0.6038824175201973,0.9892262163769996,-0.034285208334246454,0.5250438917515069,0.03257662912829428,0.5197005665943907
-0.702929209115739,-1.9348895263293073,-0.16499546783995653,-1.3993162459652513,-1.5734579989395945,-0.48123146163825054,0.4440920405869766,-0.6548692656105434,-1.3411330904557623,-0.3015100552298577,0.1696949904737514,0.1726119851185258,0.08601297414611019,-0.07836857986855883,1.1446938308006867
-0.7789760292995607,-1.835828579714856,-0.5693875223067731,-1.0597799787313904,-1.3407141682813604,0.2180646801980131,0.21507211636364826,-0.5945775604052366,-0.8710219643841747,0.6459758417919426,0.23201099780894424,-0.08834367042629104,-0.1999994711543793,-0.355685830772626,-0.9265751843067762
-1.0039626371978025,-1.2526886142158524,1.9404853654662697,0.8594620769862229,-0.11683540628525418,1.6344646568948518,2.984478961977043,0.3767595540523627,0.17875147352907017,0.12163218522217668,-0.3833246806290883,0.24666429863557504,0.015049365547150069,-0.1653717967403555,0.35689036399010005
-1.261565795032316,-2.351145570320329,-0.830600580320217,0.3972411280168259,-0.937795816745609,1.7479119433932981,-1.2987223017829357,-0.07010510446117332,2.015231557094669,-0.206250327736469,-1.2670330128582337,0.4620640461861845,-0.5136307583921081,-1.1882184936274913,-1.1804242803450464
-0.45133323374348094,-1.0279442535129015,1.396063835003048,0.947831889328867,-0.47737257748978257,0.7827575916378039,1.7780127025447234,0.4581358883361202,-0.05098810537269205,-0.05404051739870272,0.3795252314014845,-0.03673785858946347,0.3353598562778316,-0.41384263971981644,-0.16856930011474627
-0.879041761426636,-2.0656792475953454,0.2750756538468549,-0.7621955751902211,-0.5448294903430491,0.27386674061202504,0.8481202474786483,-1.1923145164226516,-1.0318420591411936,-1.607672311593986,-1.2205365380193622,-0.18023756919757336,-0.5011650653098423,0.5443437112395096,-0.23597421828049084
-0.7693472028903457,-1.4916831185532924,-1.2671906047077217,-0.6799370214966264,-1.3500210640493864,-0.36242951643170296,1.2750049787511757,-0.9305943041298315,0.06099459183247482,0.935186422490523,0.5849350746161683,1.4496213310871031,0.13752199114017555,0.2323814753278022,2.2897874603973074
-1.7526798548066433,-2.2146649030590577,1.360189342615178,1.860646765657285,0.7752203457381132,2.798216631849996,3.622643667528272,2.198921919035341,-0.2597883736814293,-0.2908042646614437,-0.26174081606806393,1.6318909670513044,-2.0144380918572975,0.8069807276764032,0.0871957145826111
-1.3181356639543065,-1.4154562878500154,0.5341292312206493,0.7067990171531312,-0.8699813202808979,1.2983399033458756,-0.12204518327438935,0.4241441491459879,0.8813046049750513,0.2625482594099538,-0.8406492039503908,-0.16983936035679034,0.15841100513694958,-1.3740448478978242,-0.45408259549370245
-1.6386547820056412,-0.6641585383503011,1.7344326043782399,1.8265549634478915,-0.17217545325692327,2.318854473456885,2.8919713651464742,1.3149692988889718,-0.003169130059397189,1.1261882602635138,0.13495547544351216,0.0036736083317323717,-0.7726506162650686,-1.2525192907227813,-0.46124710532576213
1.7118376655052072,-1.1459575160182978,0.29381539388107397,-0.6409581799835478,-0.7910449346848483,0.7897827287599745,0.10221566142324166,-0.7236836045091228,0.3247177514957106,-0.05814730720509924,-0.3067266391071329,0.1768093664021084,0.8671726457656965,-0.01504319227296978,-0.22654223059404618
1.7401879916175704,-0.9579738063833364,0.20821338058702882,-0.023734216974007964,-0.3581918034033209,-0.00027985050623325535,0.15535169479975822,-1.0385464622987925,-0.1902032549389456,0.12140949572106018,-0.05811057845285954,-0.1628669176888023,-0.2248205191123317,0.26086574833889337,-0.11716960096602157
1.202926749277936,-1.9862320799061286,-0.13898184190394752,-0.4866591926108834,-0.41426728486341047,1.042123348116272,-1.5159077818098103,-0.5308863010135169,0.10569979574113679,-0.7356453166274289,-0.6810046139400653,-0.22286927745037505,0.7880165004597086,-0.18276776063622455,-0.25358102924914555
1.348371306347437,-1.7250267375745192,0.6161463526539928,1.021873610065521,-0.36754872151797785,1.9513419332115165,2.415701994174119,0.39337232906533576,0.21020400343531073,0.11086992286674376,0.36197717518642836,-0.22089678064284426,0.42817078892281546,-0.051656768049950334,-0.13526168726049717
1.6643343584806896,-1.4030549277460103,0.9570183590001883,0.8907049364959925,-0.34686093710839155,1.2125991379456957,1.9547737427142338,0.2287477848008134,0.4133696995581809,-0.03806722497019781,0.1833059734254094,0.31966149647211783,0.014297931741697753,-0.2393239129539636,-0.3339505107339773
-0.8870952662408028,-1.9149772673521401,-0.48586651773321093,-0.30029475149526164,0.031800081803746175,0.12820866639221892,0.3025633185560067,-0.8815274882453539,-1.7260639464142458,-0.7228011920544714,-0.033816233027606654,0.5234402542002913,0.2692032809994048,0.5363161964992988,0.12572276860884013
-0.13151360183243618,-1.4839800280851512,-0.06727513378191781,-0.15071914316407684,-0.6662302419124325,-0.046945204231758506,0.07086449785129964,-0.20386335632489663,-1.9200652568574657,-2.043011775580562,0.2691082937759125,-0.06824525301196975,0.6340795935271313,-1.0063996378377777,1.7159914822939208
0.15887213394840047,-1.6023678142550808,1.223489737442915,-1.4063659360682583,2.6112004579241197,-1.319469336519011,0.4202735888295395,0.8798248619539492,1.216298756922634,-0.9247319291937823,0.3881632974824173,0.2761743039484892,-0.2421287185912418,-0.6706239525558105,0.22154512894719167
0.061732254224578,-1.4894035601556128,0.7989267612388977,-1.4817967437310586,2.970508571865095,-0.8947730915921466,-0.029351599438409832,0.45360333971421185,0.0518085903328928,0.23247136270472318,0.550740481881512,0.2333806511300219,-0.23881856719587713,-0.47771261225627076,0.03350954612021943
-0.1888059769471022,-1.135730255800443,1.2256160744651623,-0.8697890804426088,0.7858676905063792,-0.787661299874003,0.12730732658339602,-0.07476806603310734,-0.8280814039646387,-0.07187722991233879,0.2466338663019674,-0.8845421179550044,0.225632526663434,-0.48029455069354254,0.7783143776639379
0.2821922685812693,-2.214786055143524,-0.3920671653472076,0.27262600125235786,-0.45629508547950015,1.5842199756024864,-1.5101207008189288,1.505018496575711,-1.6324874772494664,-0.8159228126746996,-1.0634397580256811,-0.7057919246841088,1.2887704222079917,-0.8271472124856336,1.3058250530222464
0.1492758711625586,-1.5996378289511466,-0.8008736462921296,0.3699337234483793,0.05384471284461874,0.04392843795172527,0.3767296693671276,-0.9108063615614221,-1.3755132975430162,-0.14984387891563153,0.4218182881779738,0.4445752337408552,0.2533155729050893,0.07162999446325054,-0.42561446114856805
0.6060955453494834,0.21484096584992946,-0.2051662443320434,-0.2584266342054014,-0.25646646532691997,-0.2541953224217388,-0.6234125691070947,0.7769049502285312,0.37559864888860145,0.19996890561368044,-1.3751254007947875,-0.2881234239380196,-0.8157259637304782,-0.29547207238993445,0.4014238819444204
0.6625403329394027,0.4755476033860667,-0.46836872710895294,-0.04840745520560318,0.5317653114078045,0.14093711520672522,0.07394456431500136,0.09404757956873369,-1.2212540817261328,-0.1049666726666002,-0.5315503931361695,-0.619639374161629,-0.477820489691284,-0.04596446356188277,0.39645062039510265
0.9264756111658438,0.4156065643845026,0.641114697610341,-1.1697518929982016,1.0596120332463117,-1.5795808906288935,0.07687914090902873,0.4430032344987797,-0.26920555922006956,-0.6346115403087407,-0.5884367121913616,-0.29531385560672,-0.7787493421154768,0.13929815638224616,0.7044879762827823
1.6974328121269857,-0.9889627635217157,0.24931680113973645,-0.3432263166503541,-0.9718768046665959,-0.015341941685484894,0.897285958643912,-0.9933144371072792,0.06724368980185136,-1.2433697801662924,0.2531157793410954,-0.42870221020713883,0.4475871923079238,0.5940589309707057,0.08371918081326912
2.082948584902751,-0.9189337365920617,-0.5366675714550234,0.1368597988781202,-0.18162343672611997,0.24000999181112948,-0.19343037816938782,-0.6038527285287872,-0.1565838060052581,-0.013085770971439474,0.9573885823082554,0.4070213240805311,0.2633734169391836,1.0687540896428434,0.09703077959752349
2.191793286738468,-1.3964350579768552,1.0294809538600846,-1.5605113975688882,1.9857510859913388,-0.5528781263625019,-0.151770026369207,0.12838691743214992,0.4094617721108153,-0.4656614210013651,0.5591155599135346,0.0410642939320068,-0.7601693988315195,0.3957550117765027,-0.23737020844840276
2.443953998922764,-1.16001590486639,1.119790495216408,-0.7694636523592043,1.6458352938403296,-0.1138527305122905,0.004474162721270137,0.08345669443772828,1.0267906863843461,-0.2604600624688813,0.9271825554472455,-0.3626369744295633,0.3585281437183449,0.19193243494832066,-0.5374585854206433
2.296628346099117,-1.2371109905161146,0.9519145052283201,-1.247030163263596,1.6002783785724424,-0.16974798775129088,0.0062477902979415295,-0.26316837773041835,0.8772769108580475,-0.3126558806424644,0.8730715044732765,0.20082709964346837,-0.39455288496843144,0.5595880141337897,-0.16173467753950463
-0.7591194617218265,-0.0550130575070889,-1.21555258068328,0.36914829079244144,0.2842111663794283,0.2605682795458643,-0.36771774434329707,-0.27226576553099324,-1.2003610139594225,-0.03705415217592638,-0.23994613269060375,0.044746269940970265,-0.6621629110404393,-0.27167603365346793,-0.9292367883331044
-1.2322497285889402,-0.8778755589541978,-0.770391355583756,0.2899952201010614,-0.45434204811677203,1.9315247160926996,-2.236185893679415,1.8266303143463352,-0.6178016490032541,0.36982293890078083,-2.1781766815453563,-1.2310292403594325,0.9335848741024809,-0.9210589394820052,1.1907668077204001
-0.13103694012103526,0.09166425672732663,0.6867383149288261,-1.8153748489211048,2.875877606709579,-1.6213026482716983,-0.2547334778761345,1.6304007658780186,0.7513854935501897,0.2571299553938622,0.018986190172173824,-0.07159957950150726,-0.1689092453355248,-0.7642668446721138,0.6536454925201387
-0.6762417487329625,0.13769552935716728,0.17307833108999857,-0.7643999723667927,1.511930552222612,-0.5568617840169875,-0.2798943057404813,0.20935195795447561,0.26531299641265155,0.6899528274322835,-0.40465345489492055,-0.2033867894119156,0.6748724030167919,-1.1773744428361277,-0.07029823231285177
-0.45498102403280277,0.17577789789250797,-0.44972704861960067,-0.41147561843324065,0.6232791324404974,0.05191572402443719,-0.6716238548412128,0.20733272392103155,-0.8313667277488113,-0.5732903381710057,-0.20011885549556288,0.13502951141773686,-0.7780424245530418,-0.8527951619140297,0.12220894384257013
-1.1820755782032009,-0.4178672527050728,-0.001652561096166135,-1.1244645114311087,-0.09224986130535158,1.025675341737996,-0.9833917799761958,-0.0938652415951574,0.5969896950043433,-0.29589578698657043,0.39131395888547793,-0.6671448620742966,-1.1712141125659647,1.3378180493389804,-0.505564623722515
-1.2729741474903131,-0.12332196592149358,0.6180344970035597,-1.3474281157934098,-1.1584668821461634,0.6117467542263386,-0.04716384561835675,-0.9802897874280138,0.4628136792814244,-1.1115760776022137,0.005684657621517764,-1.231186748526544,-1.7558661984366746,0.5440521140706427,0.08673981696648207
-1.6094474950930886,1.044992665069399,4.822786371550705,1.360060974881138,-1.0405166682504468,0.9090937343289354,-0.5412800900857561,-0.2638717255832816,-0.11336011425389944,0.6149802170420973,0.3694786743748975,-0.6010395270997103,0.1910874465670265,1.2973794040855968,0.24085165266015113
-1.1620949146117017,-0.8970436720739688,-0.2042678591382983,-0.22927216657094937,-1.22144064123642,1.7798780482312577,-2.062238036343445,-0.4514330764791424,2.487503355722047,-0.2627228710765099,0.35201325345169665,-0.23802078821419478,-0.5572447904418673,-0.5165218645737658,-1.581292936351918
-1.641539363324269,-1.0194327922712623,-0.35763450763338966,-0.3586227601470685,-1.0454698797570394,2.193040629378791,-1.9203615150814557,0.07370084123143461,1.2551006544569014,-0.8132048768378468,-0.19091133259759754,-0.33528560153115666,-0.7320934444289655,-0.0549014078703385,-0.9800080997754815
-2.5225370791245405,2.286883839012588,-0.5392137227553423,-0.7572717819618414,-1.2182614182161355,0.3090846998283114,-0.07771964358480202,-1.1791044305941032,0.8631351807737604,-1.1057718209909442,-0.6832432569861298,1.1035211111966705,-0.9169937287118997,0.35385473277356894,0.9343166426682539
-2.226382381766297,2.8063169911110397,-1.2829134055047602,0.9290064883605695,0.8318570071188511,0.7019295241313006,-0.1042809201675865,-0.7528429885182188,0.3197616036458108,-0.2079267764588466,0.518055503450038,-1.0534690393237813,0.3743009434419707,0.24016017774673312,1.0625491331732988
-1.2263409959891134,3.7752785832726334,4.159579167075633,0.6516756476036023,-1.3460824143223933,-2.083496852422984,-1.5858377090362281,-0.24660435724695481,-0.8219703967684068,-0.6299657858618545,-0.1140710363233209,1.119833111071265,-0.7173859280557308,-0.34583201920674017,-0.41144739598562224
-1.3234731689637402,3.7666582066784247,4.07896704966807,0.5988054347289388,-0.6254167287253514,-1.4451083855173894,-2.0907670844580393,0.7059327416850756,-0.590924374069742,0.16490029426394467,-1.2866855929867422,0.6758724937170271,0.5853251940401404,0.5503171421916606,0.5356753523329421
-0.7901379340561236,3.0264475009749914,1.749841701162197,0.217624549967307,-0.8619207173949535,-0.48039817624526054,-1.0304124216869066,0.0884831512378391,0.2557635927463154,-0.23680178623095258,-0.5707251991781763,0.00837584160131509,-0.6177461877190622,-0.49442533251310217,-0.6483020132217716
-1.5633603227166493,-1.2169757566855048,0.3586226559684684,-1.5926024528619076,-0.30860688184294266,0.0865511912028201,0.01682465053405216,-0.37174080568153495,-0.6052703249913387,-0.6895713191066315,-0.15606944758828892,-0.5527914689602342,-1.2422852233402566,0.49519761868499806,-0.308028715009956
-1.6304852021371157,-0.8342553966850584,-0.030869477311000124,-0.7182123288966176,-0.3109222481608137,0.6025174365725755,-1.340299505017308,0.3139491316081476,1.130412930032247,0.16897392247312493,0.7846505272235228,0.0641794751576761,-0.1455677375965341,-0.17621658292824482,0.7116185851456669
-2.0648460098279395,0.8026450904184802,5.471776523672825,1.6467412053018449,-0.8924759860569164,-0.8362068691452017,-1.1262484657130294,-0.21645427390954045,-0.3163157551855236,0.21003873451380758,-0.4211695975727433,0.12613807428178125,0.480331896803671,0.825465766505735,0.7885220542055396
-1.9509971052458117,0.7226753421874965,4.972960023907088,1.5511149057151783,-0.6274115127316545,-1.1443754000182254,-1.3411445979897334,-0.5239844980690265,-0.2873307967860459,0.24577777107533408,1.2577926216550748,0.13241308407022,-0.4132351829686005,-0.6877537639346539,-0.5139363753450243
-1.7549580407607681,0.8250345094417703,4.125660347718492,1.2959024964891488,-0.7096043829252823,-0.8605407819274515,-0.8260012386541928,-0.5033801375197451,-0.43009252831299843,0.48376050798510306,1.0696813698542582,0.01919616284038914,0.1340314098333196,-0.4556575451017557,-0.688190175030241
-1.757540395671308,-0.732242259387029,-0.42320879858936317,-0.7376441801624314,-0.1126495878922042,0.2351071638638034,-1.302522082356407,0.6450015138534149,-0.15711217346552336,0.2570378652777167,-1.1520486899697093,1.1631784735651827,-1.245715625295989,-0.1020399791471626,-0.040865577084643376
-1.6321749804426637,-0.6643852463936853,-1.2759723691783578,-0.4008068112717983,-0.4370955979074995,-0.17786081468164644,0.17293734395067328,-0.9856300787766681,-0.3341186547791743,0.8331876649598695,1.079156506145125,0.7522961963560373,0.4535934415543469,-0.7641481408685639,1.3747069025890855
-1.5456074897914633,0.8041766524389028,3.7281803246417375,1.0744401819635063,0.12291228975968117,-1.8870146297564034,-1.6195735676824603,0.41601469587495277,-1.7184727867352898,1.1200631063899436,-0.348107684395364,-0.2900093714322507,0.3610735510052514,-0.04435570777303366,-0.5808081460533016
-0.46374361673482367,-0.6208048049773749,-0.14715945428793653,0.2255713567472203,-0.295807806548578,-0.03839100384657392,-0.7126385794002614,0.36323396388557955,1.496210943731697,0.12105356440569189,-0.19436596312260063,0.35266521131305917,-0.19505859084458316,-1.455958700125356,-0.0826526819730494
-1.0782445532258265,0.9498683679076978,3.8514000434528985,1.6416390973661366,-0.6936241905572085,-1.5871612272449702,-0.6789509666914547,-0.38040778221395377,-0.48514802550184755,-0.08449234848887985,-0.32946188121830416,0.5230389694251083,0.534815795250088,-0.8702517574585198,-0.6841916978440217
0.17887197433298277,-0.4794641467127519,-0.6942861197544725,-0.334912184183286,-0.9480387889592884,0.6356596600977389,-0.7448651215358455,-0.41829633851279824,0.47843391656999773,1.4203900266882619,0.969679625959058,-1.0928573258028176,0.5765822475537857,0.35788096146844656,0.7972145617147037
-1.551258414737426,-1.4568409037760195,-0.58228430144999,-0.7792844866596169,-0.7187285964261523,2.2094404999450807,-2.3323043943097828,0.7562535279533601,0.29924832202089385,1.175600824555728,-0.3947606098816337,0.1114814372012657,0.20950967089648861,0.4359169248469647,0.5883594231271863
-0.29571961233397337,-0.8095759858725156,0.2574530518971552,-0.30802094206740743,-0.556303365559847,1.1076218382898138,-1.3056143134293277,0.3072174653772355,1.0810557714963454,-0.5540241778756649,-0.11026080708687162,0.0866526077376629,-0.8231548045912713,-0.27824414291914973,0.27009133043054107
-1.314711513303506,0.46860737269917146,5.370695040338823,1.698973210727067,-1.0545077024785772,-0.182830031593281,-0.5399995074965489,-0.5364914883846782,0.10344989660131655,-0.006316474699255662,0.052953677139258144,0.4022026953678047,0.03890667469991678,0.8251587731275417,0.5617186809037322
-1.5839037239137446,0.7882844135798127,4.464824698507385,1.3075793256142982,-0.9007210115445141,-0.23607363297502995,-1.0984328598650586,-0.2565399896815928,-0.166116726601361,0.34366817357882234,0.8680822339733313,0.4329661221792135,-0.404394070553514,0.016234339826052154,-0.47891738364098485
-1.0763577522507848,-1.3746599172483842,-0.8801097359947045,0.16986532813758348,-0.14460959348587168,1.7918948407952915,-2.1257689557425095,1.2710076520366425,0.13264389880511906,0.8573072496546744,-1.568722487519587,-0.5404562766270359,1.1016892324994012,-0.44044136026996256,0.5521212036747951
-0.8042674657959766,-1.09418043159414,-1.11228213195725,-0.027471224558176386,0.09828554523372726,0.4032139966288597,-0.29346523675233627,-0.5871317600573323,-1.6522184336017167,0.6085832360284282,-0.016010883956081277,0.3690893205609187,-0.8030377770704302,0.11463079089025091,-1.0938022860479184
-0.5074203535664582,-1.663008041955236,1.333448947022516,-1.7505238603658753,2.3788741729959257,-1.4664749243459776,0.7426378562174253,0.4040617149753936,1.200932508856544,-0.8712757880360418,0.6788926234202296,-0.25705950442830516,0.6993933038465473,-0.7726881081519559,-0.09272551439735192
-0.2732988551507996,-1.017170797048909,0.5687734006198563,-1.298361132415331,2.7221350904722335,-0.6666344731246262,-0.1789453560114198,0.4406912186694143,-0.28083492840584545,0.5330796959178438,0.4039899046458357,0.4984581262288683,-0.5063492897710611,-0.3642020668941325,0.10443762149267742
-0.4948061869948611,-1.458417294382303,-0.4170308297765928,-0.3430073183963226,0.7383729724965443,0.5050548950970326,-0.3424843301288042,-0.3198496268762937,-0.9349729026603784,-0.33218685185072483,0.6324455259590823,-0.0903678385743837,0.7847327399796785,-0.21763078120683685,-0.5389023760061139
-1.0720260951348684,-1.8629961338091972,-0.19746632103569012,-0.0965430557527692,-0.8364707367172396,0.15143383215657463,0.1932463460019487,-0.9690942749829613,-1.2459285316633297,-2.3184279429008217,0.11444271198379732,-0.2574638087792494,0.7494242406285319,-0.9159859538903984,1.1151924017942463
-1.0589590563862563,-2.170802416955229,-0.4398237289742081,-0.49418868382929565,0.13372264821310997,0.3355653031753621,0.32822554993747244,-0.5841304929591115,-1.8082061677787669,-0.6082854749382274,0.00866804861855917,0.43070615287543895,0.1906251704787798,0.8915765495460344,-0.12980723157491253
-0.9061209175297168,-1.5346550586891206,-0.09163949059864598,-0.7721842757305017,0.7881122812996925,-0.11032871220109329,-0.46933103280643423,1.7139379962295267,0.46921850448038155,-0.1668779732034568,-0.48993550313729994,0.7556030771518372,0.2434154131151716,0.4262275723599258,0.05331260442247437
-1.166587504340096,-1.7422949111178034,0.2963610707020072,-0.34276048383987534,1.9818919407082995,0.5563493223042774,-0.35497278038742197,-0.06136322738363281,-0.38894105097547865,0.621284032567555,0.26660435739633154,-0.06641361616690368,1.144603103043275,0.16245668251277356,-0.3350779488390839
-1.5805516908241197,-2.0031146232758466,0.6943300208156906,-2.38495511464417,-0.04080598923640841,-1.5287033718884357,1.0090226194821317,1.3786367896495124,-1.7277495201596134,-0.29507926432851833,0.02402150716595198,0.041840592286025116,-0.12264213012056899,0.1367781963895019,0.08849830002874029
-1.3277517341773248,-1.8291034080325235,-0.8911761337088331,0.09474476515073176,0.7326318164670359,0.7860723631460994,-0.9667616347159453,-0.9004970644295481,-0.04655565445134378,-0.4870113479967857,-0.1486356276372027,0.8745961678589803,0.4989356745468029,0.843086279078921,-0.8767606607312352
-0.5902475719898314,-1.7927794433302182,-0.3983323754832039,0.11426410963790513,-1.163473833021752,0.09111932714985119,-0.2728668811947878,-0.8521886865925624,-0.590106094993033,-0.997533494876548,0.09481697111213756,0.2746488489734162,0.4717729537935995,-0.4411826285633507,-0.21869493877734508
-1.143759491359334,-1.3014338042276048,0.06651384987804794,-0.46179844349488186,1.654441485405015,0.6034332569828597,-0.7216123828612685,-0.4647838734041288,-0.39527608796962344,-0.02071431470971754,0.3007070926811387,0.06302237653302814,0.5785540561517097,0.06608171111417666,0.08719845512224761
-0.9979052783863697,-1.6402174507857614,-0.4424541305871613,-0.28011577097643,1.2099260734373591,0.7881695939642945,-0.4230267148084496,0.07948212114348806,-1.1049158257190173,0.30062387823196574,0.6401887964117202,0.06029961101631728,0.49175969367078765,0.6184969165229136,-0.4144618103255783
-0.8817574837565847,-1.4227152747285952,-0.11582611017699897,-0.28011411062992003,0.9072431268770605,0.3668592633431321,-0.8402603247219181,-0.2836382676309844,-1.2410348377005376,-0.4506430601953965,0.32658589719393694,0.4837035886111873,-0.18492099203454226,0.35396693524591794,0.7403434617015842
-0.4941771046270381,-1.7319680987030184,-0.85731604490877,-0.07312486578688095,-0.4480647615670022,0.7852370048906313,-1.2057105995702597,0.6671781776892273,-0.4949547631856889,-0.3748305158723325,0.672919257883589,0.31453762210073494,-0.01383304926179803,-0.298093113413556,0.362876562640626
-1.0614386761421521,-1.455891070544261,-0.8109893803645624,0.08601598510279745,0.8181800151219263,0.9039647106647977,-0.9346075856848045,-1.0728876247990775,-0.3214462895550954,-0.19211349529672997,0.06108531384618781,0.39262808541535826,0.46480893240422205,0.7976483552100384,-0.6511082756700308
-0.7619102631325494,-1.4213752652447071,1.1959678075784208,-2.060576861772314,3.430792705582908,-1.1037504427153095,0.047873118865141985,0.9918863518132294,0.9509833282685836,0.2987513959952846,0.9133302441090784,-0.7201449499202228,0.8146330734335958,0.0030670245151176063,0.18743139024828276
-0.6264916819460981,-1.486233932516411,1.502390841352717,-1.915482573433804,2.8187968409143123,-1.0751080147215129,0.6612115168397635,-0.25919034556973525,1.5030626511266525,-1.173562555863342,0.9768625582352188,-0.03845045477153289,0.0689390507022185,0.051780246659520565,-0.05838858008334228
-1.3014931566145054,-1.676366067144982,0.057114638464245235,-0.6080997991132039,1.0413541891616194,0.32173603075792034,-0.14297654030492699,1.1976632295354814,-0.17403432070214336,-0.4912446988478221,-0.3662124752175385,1.2328052906987708,-0.7716790537785028,1.2683644749998964,0.23656595339952508
-0.6114968154343008,-1.8184610726273749,-0.6994745672441798,0.1747292967848903,-0.360555224988041,0.6803672872290317,-1.2813669329018516,0.8001234467111328,-0.35625747277498326,-0.4762729241159153,0.3062340314366163,0.6216794206182794,-0.18352932017256207,-0.3402942125047783,0.454269787726426
-0.847783228752657,-1.9229738526600948,-0.7777604028943025,-0.23422058251372396,-0.3708296533787218,0.8932720313468843,-0.2108140917230029,-0.9334890812022651,-1.6115718869983464,-0.08627064196429048,0.8060286314696542,0.06024348195471808,-0.3350983678509712,0.41389460823534846,-0.8953452922477988
-0.6036395666062375,-1.7004173490695373,1.4882801582524499,-1.5492631019174952,3.242832644555363,-1.3070475969793434,-0.019088399319757587,1.020618999354012,1.2042820868095916,-0.26081469218486913,0.9226213943970206,-0.22049333685452843,0.328073362287397,-0.25423623667634576,0.04863071936471388
-0.4837357910008704,-1.6898069747601945,0.29578218179315635,-0.1635578061550788,1.7021359537287322,0.7885426953066367,-0.6072038160411075,0.12189083449887679,-0.4053614113525135,0.12879560239972807,-0.03870680766268382,0.3120909690196261,-0.001165479883601652,0.5305789868821627,0.20538496775581425
-1.1139091056565322,-1.6391979178058798,0.7486964225040371,-0.689059488801143,1.284054914195453,-0.01350467602195348,-0.6587440899539351,-0.14931411593585805,-0.6474574048662384,-0.09340337517546124,0.3035271314652344,0.7442199507181897,-0.2878002234819918,0.7197804185954974,0.9670545371840358
-2.305201572041342,-0.4342391784940384,-0.8404131641955543,0.12848812133150608,0.8825612637274172,-1.126384780908632,0.554280286170924,-0.24095935269859897,0.7668296051840643,2.2644083019240777,-0.6884351943122315,0.16462063170013816,-0.43793948652745834,-0.43826083857387815,0.10665088563472035
-2.9599336625479005,-0.39989394824633884,-1.281034258544821,0.07757773147297772,0.07194166986131069,-0.6453910724554067,0.7206168513616836,-0.8843382247011916,0.5192107796639315,1.0929305511709477,-1.2702727927927215,0.4720278072983272,0.4863339433554722,-0.3437568008386873,-0.6681738818158843
-0.5263762284589487,1.365228795751213,-2.7514098877673843,3.064129545803183,0.8600362951764012,-0.3222115634848472,-1.1706036778530384,-0.3031633055695757,-0.009171742167250849,1.606195075985985,1.6925797579327833,0.5976257918435466,-0.10247427388340165,-1.465971671861811,1.6141035584581296
-0.6762999919840018,1.272724770008805,-1.8655519323346943,1.9458930418311269,1.566608658459641,-0.5673166842663895,-0.3007388900808019,-0.2549112031015507,-0.47909467066243044,-0.7083121189736109,-1.1138197623903272,0.17839633412684514,-0.8910256509543385,0.10310210180450233,-0.3274427485636485
-1.0434848811480122,2.301751116452042,-0.6306905643976769,-0.09833855729023153,-0.5079497556314811,-0.9089363887436768,1.4389372851318787,-0.3049035049556538,-0.9229759473532615,0.14210172650839514,-0.07392873753235366,-0.8215242833330216,0.644538659308737,-1.1713384888442033,0.09012314875970294
6.286176518299806,0.5393891774357131,0.13995007468053167,0.05258142848322826,-0.14780277880484913,0.052519480814287124,0.036695606361487616,-0.07759378169117612,0.1966338085860069,0.26605609649838097,-0.2915048948066981,-0.05591261261720964,-0.12259724889086807,0.06751452061170345,0.1114278680094495
6.434476708365932,0.595016849262932,0.12254668281611436,0.028527614590736557,-0.21788223128724457,-0.04172461700490857,0.1307418061631356,-0.3782408331499957,0.10882458812772604,0.1486216645381415,-0.24938263927986126,-0.24135260533632494,-0.01960384068318701,-0.04839414666550304,0.022723695992647293
6.322772021294856,0.5745445527714773,0.05250842851685893,0.29380105098600845,-0.10720260039729725,0.017411417808950124,-0.05370906767343032,-0.19723763891039198,0.1050166896771831,0.01068004437924998,-0.24439625900545323,-0.14617741292362202,-0.0020377564312315027,0.10633635152835144,0.025666290420013168
6.401411052104159,0.5095951812712413,0.1116030444744113,0.009490663057709169,-0.19883024850523723,0.07931913067141162,-0.06370277658520623,-0.2019999136415996,0.12886314063089796,0.122149426424122,-0.17511693285813437,-0.08355864832907785,-0.1257723747215794,-0.0431678521122405,0.06897971453806352
6.466151112768184,0.4901517882543363,0.1585755947573022,0.12759927866381796,-0.14054394393552533,0.16005743206116346,-0.09595925648623697,-0.04761761743312543,-0.04343289470250532,0.05590161266866913,-0.2812103738928164,0.2850290575934583,-0.492853708865483,0.11083229671055153,0.17962896454985808
-2.7909214916465666,1.2858183319839684,0.6113582839700675,-1.048408403773855,-1.1574792559633948,0.5479686186565186,0.24908595726014543,0.02308165989622477,2.95066255012271,-0.9245525029649287,0.421332719804879,-2.0795661359382516,0.4910257461299122,1.8357488657215169,0.8215270677494869
-2.7100313502585363,1.1472187545207948,0.22581808981730417,-0.5873168776043312,-1.0280779689224755,0.33720236315494473,0.05073056774616396,-0.5382968326464451,1.7552987131934084,0.11070329162730441,0.8395223354125035,-1.147490324802961,-0.3935567394441714,1.676042574144812,0.41291392179310443
-1.0375942400848839,1.4051435440948747,-0.4927713741664695,-1.4201732574637767,-0.62422606920327,-0.004186124173624542,0.17637224800926082,-1.5377342314818094,1.1464106585822733,1.1001728729779452,1.4406827591399398,-1.9719840339954864,-0.38320722039271726,0.7661244074813035,-0.14202665336524561
-0.9148545524255692,1.1996246743789767,-1.3523544680866166,0.4046753248350412,-1.5143146744360587,1.602887673787069,-1.1154747472423054,-0.793850054607567,0.8728431073348975,0.6715949256492045,2.41517685644682,0.3903445000696497,-0.9682508742491371,0.11619481811441779,2.6376244345931905
-0.14299514845098815,1.499264959500714,-0.1381347403810153,0.20272614996474014,-0.6734728140750655,1.4174622208731185,-0.16161622485868918,-0.36802140776831055,0.510464796562351,2.2360984368868637,1.2460344932858038,-2.0899811590707125,0.8737798661384387,1.0129110346286032,-0.01714371205261297
-1.6685066260711099,3.4387253308505086,-0.4647078625339382,-0.8775769921890285,0.32911252446863987,-0.6778825821987727,1.1465718679528871,-0.6885137577979151,0.48815399494272693,0.19644775363715583,-1.0603780880257259,-0.7134638384251742,-0.604580185233033,-0.019364151549200317,0.1779937951785426
-1.6132685319670408,3.2276047057279236,0.20521499334449814,-0.19255483584681304,-0.21703924896538393,-0.5447665106630386,0.9861059613946971,0.7975985113098399,1.6618420388568236,0.3793212914055019,-1.8869575465375539,-0.9968195049070129,-0.6606738532564165,0.22449326703999042,1.133280538716847
-1.033282880672104,3.7957616513386885,-1.3167197726669617,2.191147338238038,1.04213575315118,-0.3687369776342342,0.3076757340349193,-0.5814078370200262,0.2268816918735139,-1.8727107979805362,-0.26402456400035085,-1.035699811002144,-0.20328553979074593,0.3902421066956643,-1.240232121969384
-0.9343820428384458,3.4241455456886696,-1.9039038357424682,2.2461848563401134,1.0446800793289444,0.550042121079353,-0.619775980202553,-0.48741102273334125,0.6092469959166795,-0.44589888725874194,0.5710579911435625,0.0032305580427639782,-0.3000530779704409,-0.3379113082115959,0.7693760001593815
-0.3398487081733555,3.17180456958058,0.3883245325894997,-0.0406417523651064,-0.05220878147353379,0.316879470263175,0.3075482817899602,1.3038182549508368,-0.3434053802626468,-0.4082333496480979,-0.613707226007968,-0.15152953239182312,-0.7680092584985868,0.06337696844629255,0.9087954633019183
-1.1095023597226885,5.680343648522207,-0.39927541914587367,-1.5084043861740561,0.5882535217513039,0.4775223162680297,0.7310075394435136,0.3809947111750567,-0.2856680751563078,1.0047167693070704,0.7817797682544296,0.8004557783444703,-0.21932116719744926,-0.37183299362737215,-0.22958112933068292
-1.193743989938299,5.260088926984615,-0.45651078143915697,-1.6487904347807925,0.4000496542713737,1.1915684349938085,1.2160762796179672,-0.1017080530027307,-2.0127949400917267,0.5439699477992622,0.4733040904536589,0.10576079464807954,0.10985122416133664,0.11889584251298514,-0.5488101833851492
0.8951125813024196,4.792872553750494,0.3965242627082662,-1.2290956225324514,2.23198781785009,2.4679098560264716,-0.9462412070052487,1.3190145394900812,-0.10224588322555324,-0.5548190917333603,-1.0103698555647094,-0.31219738385484697,0.2800810668547921,0.35758491679109733,-1.4455495916405294
0.32804304460228517,5.392918358782956,-0.30402949941257507,-1.6810502335709612,0.17686951943015905,0.6206154100182485,0.5176982820080797,-0.6320575184482466,-0.8861350596165039,-1.105288707648769,1.8964948506559776,0.08703882867838816,0.4883665725624721,-1.1453512093348321,-0.27729193854864287
0.8843535856525075,4.971940422700615,-0.24393164869379896,-1.718708030905013,-0.15635401024811096,0.8588860678126636,0.6840688916075197,-0.10555687323938234,-1.2576763717593151,-1.7256248097153375,1.3990366371685508,0.48091711180404606,-0.13994523542410497,-0.5750197130532141,0.06884416050810822
-2.710321084796102,3.306656968043641,-0.599287260342286,-1.3118853604685607,-0.2987413922937766,-0.14241437361018774,0.4580061748620644,-0.7095428909680271,0.0906170129778136,-1.4654344994177864,-0.6159895462766156,-0.7872307781805017,-1.4240243039987606,0.21706371327819068,0.06666388126853941
7.191387813892496,0.2685344306628871,0.2086662519969131,0.11059488505936839,-0.1931828228380209,0.0651828664003724,-0.04677742864942373,-0.1457197294914667,0.048062247126051116,0.1089167578577905,-0.19759639830152323,-0.0008425993997552696,-0.07137910935049559,0.05829310510887417,0.0666395063567283
7.198435532286456,0.26241351352063647,0.21387174017389415,0.10530826420638122,-0.19152663674169396,0.05637042837916267,-0.03813904885515789,-0.15257304564837498,0.04121942874667989,0.12530446111596039,-0.18713358235521904,-0.020631184190401625,-0.05202765586390721,0.04319768736033052,0.04060448106189938
-0.5892826203960967,4.688189784263286,-0.7717291530036218,-1.1279108882933664,0.49532087581941997,0.860026758742638,0.70755465753052,0.07375947826928306,0.688612046076687,-0.42836458142471,-0.30927160911410223,0.3087506375712113,0.0030756021636273627,-0.07649958803128037,0.06613825434780679
7.184818628336938,0.27170336668886136,0.21550759368776448,0.1008754978588796,-0.18602393650328564,0.06109825768093126,-0.051531962670610484,-0.14936494305170678,0.04412176840575753,0.1314112500182231,-0.17325085680992908,-0.009992340817036736,-0.05225815524234964,0.03671273818142485,0.04806132510746813
-1.9511714168569048,3.3819324697290325,-1.371225444009307,-1.8618897958990919,0.44494150762249796,1.314188991516635,-0.15382462894121635,0.8714132888940858,-1.9511088757613035,0.449849158063131,-0.1375711634571083,-0.583366157658991,-2.2669984983739524,-0.39825911993923163,-0.38875650403271894
7.197055723889427,0.27449938671346247,0.20934334934691798,0.11006661032135452,-0.19118382446283483,0.05554275413267,-0.04182239301641586,-0.16255446177150026,0.042715744684819756,0.13279228823262326,-0.1763786873035042,-0.016970843855316796,-0.05296869033009274,0.03780716540448672,0.044165420939506865
7.192480546703539,0.26942359320861287,0.20398335905232623,0.0996162049755994,-0.1819570206236107,0.06207291356671171,-0.05497196288886611,-0.14210614902743926,0.04374278622876826,0.11820692828811488,-0.17825385547470818,0.011902212356989154,-0.10170147408674587,0.05914215657160718,0.045866053016146914
0.011980922523309463,5.316069976325009,-0.6966722844519893,-0.6040601243885925,0.46533972381757077,1.4963171283630436,-0.3322890926864899,0.6172172696635372,-0.7941002647915579,1.4415944637889788,1.0634192182987854,0.328691102646074,0.38601899351114843,-0.2627303064054012,-0.5393574117965197
7.204593471760885,0.26069817619137503,0.21023675281564172,0.10707266720651805,-0.18612799213169123,0.06213039125232617,-0.056913622278181746,-0.148591114141867,0.03239655554539631,0.0978494440771807,-0.180859748808198,0.026986373170366177,-0.10719299774992233,0.056212021574913555,0.05585916372003799
-2.5545975238018594,4.621908729306634,-0.3613578119724655,-1.8246596952278402,-0.7176260069264907,0.6687134133978304,0.28679417991834827,0.4585263315586952,-0.364966975266709,-1.0884020022075325,-1.2294026649681875,-0.9552872970475571,0.24908523844739985,-0.42498367818757865,0.7743352001719157
7.208777728711628,0.25944582485205975,0.20818430286266537,0.11562491152608594,-0.18065000945803192,0.0734602558100431,-0.05812696921302382,-0.13979449458044862,0.035577071720980125,0.09204430182189505,-0.1994145000957099,0.031224700920697263,-0.12160757901235822,0.06480328947712417,0.07884673452473878
7.186796720404906,0.26595010478314346,0.20938559394605605,0.10479813234198543,-0.17939207774473712,0.050268192356952034,-0.052702428576442834,-0.1464418294494155,0.051113508811492625,0.1309120627978415,-0.1717727267393259,-0.00465831025687487,-0.05969673121370785,0.05208562407105104,0.0474895196640187
-0.24438411507206775,6.09189226680728,0.4532570201563896,-1.2545648725385399,0.020606007575388923,1.7898623188590386,0.4472132502687657,0.9118216529161872,-0.4621507265616834,-0.19589681980502896,0.38266770712406356,0.4073146512608518,1.4617017141603412,-0.6628954634476756,-0.29934977167560994
7.192199779190238,0.2616442305534826,0.20506518842214785,0.09875784618095064,-0.1963684328050328,0.06253527653998747,-0.05454124978498809,-0.1574306029603309,0.040892365087087525,0.11081593293738407,-0.1958735476928336,0.009478683645586362,-0.09013458664027517,0.05004118188516477,0.05522054513211808
-1.0143017105745018,3.5544095547156456,-0.9255111803529086,-1.826702422270608,-0.7495122184897242,1.0447729861908694,-0.0032250393745621967,-0.10708772600183862,2.172759043503317,0.7020130875807595,-0.4635728952568351,4.737405866899699,2.3358584583272464,1.828916952968643,-0.2767387870392441
7.204897178971997,0.2527689597815383,0.20340596035131817,0.0960975754031695,-0.19195000224102415,0.055781459065906425,-0.0627587453782514,-0.13054694979656334,0.03212204037835623,0.10813092495630892,-0.19076280375504545,0.015741830503153732,-0.11949347946718245,0.06273051542141503,0.06322267551069811
7.202237027841547,0.26103603507958434,0.20985045860539728,0.11082488355630311,-0.18800811981664214,0.05957872151968319,-0.054418008761560166,-0.13939953009820386,0.0445000276999159,0.11224567206365392,-0.1917238548137172,0.009966052318177845,-0.09244394962656845,0.06145093057515089,0.05609960117654553
-0.7885754214597408,2.96320052263479,-0.5236600345195215,-1.6115314534601552,-0.3929106503460036,1.955311343365817,0.6158979540019839,0.24205528931234993,0.423151721018562,-1.1616748740459184,-0.5832622499627154,1.8062110660325041,2.6964991274701973,0.5005002881577889,-0.4138293413597272
7.208982798386136,0.27193099876628757,0.20701359494610191,0.10358412721361436,-0.195033097502558,0.059177851977687185,-0.05123659009363538,-0.1608750176409612,0.03952600384196674,0.12327495774603232,-0.18531581746904704,-0.02015598257827823,-0.06553318179385745,0.0382449952676244,0.048388607005099005
-0.9991872720590348,-0.44869840253618914,-0.7715926941865385,0.17587273033382342,-0.03311222150435104,-0.959274501564553,1.3529889614214605,-0.817644465275961,-0.389850825900749,0.6706444641159557,-1.1222642814104662,0.42485130445000946,0.5258809866261658,0.25276247962780723,-0.3698303195083076
-1.2335685369619895,-0.09110371871687457,0.03732037655741459,0.6880853073140534,0.030634345670495788,-1.2630212900610727,1.7500580098897758,0.1628532684331289,0.6488527794084675,0.4874972500974368,-2.124563578873065,-0.4577433709412504,0.7000453650687306,0.33177344857065255,0.5016832360895503
-0.7452727797476767,1.1956488360894901,-1.6413246474205279,3.475276509983628,2.31410938598965,-0.5383818719220342,-0.23277536836651525,1.4500229872043906,0.18656583827954432,-0.8478981777548894,-0.44874095229558336,-0.560228598970083,0.9433329047050985,0.40964164531668873,-0.27412557375486624
-1.112324666898361,1.1327005702219783,-0.8643151489356065,0.16999388067361312,0.4823838458670208,-1.2474741989884592,1.4738581133441764,-1.4867696499985028,-0.2208178397898406,0.7475490430783835,-0.4798245253178306,0.23971765763988895,-0.2845423067717604,-0.8561764780208702,0.4972041591303157
-0.6634157703382354,1.049727461163491,-1.1284625185300994,0.08453992398416793,-0.10389249340191362,-1.0145914518195351,1.0959199103019144,-0.13545059146786606,-0.7482046570567435,0.7526922978795699,-0.7249685608500093,0.22381449455611482,-0.5900554444672659,-0.6594373355319919,0.45684611232764033
-0.900492065778436,-1.2921054207589067,0.3685252493580813,0.05348428381779098,-0.4912447304267143,-1.3160661284666944,1.3576451235671896,-0.5077224852461891,-0.12276793215369554,-0.9210011055894859,-1.1237507908623685,-0.3204423283512504,0.9837704438367794,0.6081956852598228,0.5235213605144139
-1.001567948541725,-1.6383732388732586,0.5769270318971628,0.29684376100472004,-0.24973991836452933,-0.9847492715416345,1.1898755169051616,-0.5566947060858293,0.20820096932232937,-1.0404377887921719,-1.1125498437206913,-0.2834633494729471,0.6536165273913862,0.6385141818520144,0.48769521825663636
-0.3779476548113421,0.8330941857387226,-2.3887606544066826,4.08090944608431,1.7508868108655782,-0.2794836824667488,-1.1527736599311291,-0.29190695955251705,-0.4386439905646541,0.23074800787684385,1.0641309352729829,0.44523792539213186,0.009157070261530594,-0.18005867458037625,-0.012779568718965809
-0.7279665548292457,-0.20750056909159384,-0.6296192776768916,0.6681727061191459,0.3828599307125003,-1.387273507667468,0.8338171125862168,-1.3533151448721605,0.06885263281407486,-0.02528093835184693,-0.11600815171699673,0.32968571499296123,-0.739534055776617,-0.2354625736912854,0.40994553116801175
-0.6541813869660186,0.21774900878115386,-0.8394195726674031,0.9326821727217155,0.9599877622332023,-0.03592894385129295,-0.8600242573855532,0.04331514202527836,-0.5019528217578454,-0.39049263578191784,-0.7197994408348912,0.13556310460054777,0.07855981432471469,0.06464178635797867,-0.533710091900357
-1.3590209944827376,-0.0750764496414677,-0.673962349998501,0.100855114480613,-0.3068142814267662,-0.5177550104857537,0.47726760865043805,-1.3762176353491553,-0.3283372245614523,1.2304632710963836,-0.5267718664718088,0.1715677642496573,0.3894121700492855,0.865892036883534,-0.08360031446265512
-1.2854667497511567,-0.035731055238354424,-0.6754055841884345,-0.03775654301476062,-0.3156897774590462,-0.618752778665454,0.6141064284157496,-1.1248334955008636,-0.3586045880927651,1.1319520001567733,-0.6497026038185352,0.044055571135957004,0.2825690399148829,0.9201642525392691,0.06252400859245011
-0.40836266950296823,0.36507706944591345,-1.31449392090948,1.9316950518948772,0.9645941594468045,-0.17445917251878096,-0.19605059300891142,0.3304747458730537,-0.4513346483533371,-0.30055177977418196,-0.1586366511022794,-0.08679227627804136,0.009901534356260473,0.5729388739113268,-0.10699173250163486
-0.6010998264876686,1.2781900626334817,-1.7607706745507399,3.5120417998377444,1.9063664093641726,-0.46348371197135724,-0.3306448600761171,0.8071458497716372,0.7703298983638759,-0.7828213671245079,0.6411011561929207,-0.8356436873463398,0.5583578584464387,0.8207640393655102,0.27282715062586943
-1.1197737089822373,0.017331046324497605,-0.5446858322753897,0.33000670535260884,0.2619663397910425,-1.1026112716061995,0.6630296072645772,-1.8455210142937266,1.091924072566123,0.6275811952774498,-0.5636146853078023,-0.028702909764713375,-0.48954481698800906,0.013316813336839406,0.34566995098842473
-0.709950174361451,-0.6484069613131856,-0.5965400938215205,-0.3068583019074849,1.285871709224896,-0.7681252850523514,0.13855376665882257,0.08512356877165853,-0.6783879593215834,2.6468672694091357,-0.4508716806800442,-0.11659693318444536,-0.6274930020759877,1.4444060962187562,-0.5280285212745784
-0.9698254316963387,-0.7563790703133852,-0.6870572290906293,-0.5480359078815663,-0.5821864504614471,-0.835192809850968,0.7284673060193927,-1.274715927837379,-0.4476453592425168,0.7921806742330679,-0.3158026305653251,0.29479789670665196,0.40477097926871297,0.5566593009553485,-0.1767323894519496
-0.6092453914991252,0.5432218076723488,-1.2248609839852174,3.3594115520989076,0.49825739436736644,-1.0961531971772205,0.30454101840924747,-0.21094988758124267,0.6550229664646043,-1.768845408808091,0.21815762166916752,-0.3310782031467369,0.300218619753232,0.7753973737613934,0.0554288613120026
-0.9379005337726034,0.3607478236006419,-2.390825456181819,3.7339861881384073,1.9704196314482023,-0.1291451523552944,-1.0713787281077705,-0.09691319620147137,-0.15099908281304097,-0.15525619400190527,1.162483154728708,0.9569238060003373,-0.7190722538948939,0.604568516225538,0.17220514012279325
-0.38053549396355385,0.35715510629088987,-1.1061148797340281,2.842910049393123,0.5643273788715785,-0.6080591644285225,0.5560440894842168,0.20383951095266226,-0.4719308946737405,-1.49804315860913,0.15481699256291181,-0.7765421515029366,0.24346097820512558,0.6705413180922919,-1.1901113829270122
-0.5887973059144808,-0.26653611852107084,-0.44334032472699736,-0.12871186866767922,-0.2487025210545672,-0.679305220226775,-0.03937448226335111,-0.29568312283299375,-0.8394581432562254,0.8599899906638304,-1.002968005029876,0.13295177885999185,-0.13862593046110808,0.527286985888425,0.3512942173037809
-0.5562931512666909,-0.2887727221157162,-0.7756559010568979,-0.22031053884404708,0.9480346983534145,-0.2868630949194952,-0.4874838352406131,0.22435884321899877,-0.7496745380344925,2.3498521221902715,-0.6452182366539093,-0.1802598963406323,-0.31325299906159104,0.7287686449977651,-0.5392141958290911
-0.6053363569853738,0.6553787479904151,-1.4167371781251754,2.7039310914450523,0.20649305323767564,-0.8793025434977789,0.38912158578288214,-0.16888551598682217,0.2416350016575722,-0.8413292317569303,0.006459439388606004,-0.6583315959944058,0.829547849614677,0.45539676947760105,0.0573334082907477
-0.20807724005344513,0.18950374872818837,-1.2108426182358483,1.7801975019354963,1.0269378925798218,-0.1555430499816209,-0.36803536245189483,0.037005385631333536,-0.28210123519844,-0.05515582130997666,-0.42748594379492855,0.03435380963191741,0.14007532598109795,0.5656175322379248,-0.34347342598371
-0.596041428704948,0.13637455152409658,-0.5855984180284413,0.3660706370839649,0.08896167896285946,-0.9364580813836328,0.7525906007719743,-1.4661181180856215,0.285737179536718,0.6819409593306807,-0.9916762085158317,0.13176196907939014,-0.9151500986802859,0.0343650143396115,0.606728067666814
-0.6282306243295823,-0.5971520569852586,-0.298154280566397,-0.5031083380238776,-0.39932754404325094,-0.16060524500827075,-0.047254992329273014,-1.053012288981559,0.22934553806268396,0.21761675990986074,0.003167366975008583,-0.46215384732566683,0.22621781096089127,-0.3882177952286779,-0.4877437448235795
-1.205101238559502,-1.2929785134624519,-0.36210145797313664,0.36557511897511136,-0.5020271636658592,0.005407460733778954,-0.6464020631017097,0.04918061348154333,2.048486230418039,-0.739164224812514,-0.4334722689032538,1.4116341591917743,-1.3728767641890836,-0.5965256870031114,0.44584334055488695
0.2974725602612875,-0.24285567063232308,-1.2994210425023656,-0.2514068519829431,-2.1658080799324875,-2.031347794446329,-0.03676135581134807,1.891473665485269,0.4544666869115535,-0.21476256170102245,1.171922997564948,-0.24883669385141235,0.0610849733080944,0.171475039671725,-0.6222738915170105
-0.4960676089515832,-0.08680329912529623,0.1778828732748995,-0.654534700237923,0.12752828624075582,-0.5377244935728559,-0.15458184531573915,-0.501256167648925,0.5876634571674907,1.1347085546561753,0.1254875155075108,-0.8015274016240183,0.9994813627299606,-0.7035648422415836,0.06363225235237557
0.10435818532988438,-1.1866550136186196,0.013589653798570446,-0.4302392795303099,0.2770345741135803,-0.15715944890335168,-0.8058385641056305,-0.4631483045983155,0.8828751572888688,0.19103447578382102,-0.2201430136604358,0.651412975534336,-0.7693334426787851,-0.2644773717322638,0.5432926437579337
-0.8259363925909539,-1.0620570594640983,-0.589157845756835,-0.269121779125667,-0.17745487660219547,-0.48725884585756823,0.2039263645819161,-0.7914378275762454,0.5616763438411851,0.2110529591591258,-0.5049284158467287,-0.022508377568426257,0.41394303446758046,-0.5309787155244653,-0.40426562952471934
-0.7220962084389876,-1.1712088506761806,-0.6849993828939286,0.08628889818938446,-0.6933049208147475,-0.4243336109713097,-0.2836162233708475,-1.2955398074832156,1.229801672823789,-0.4403123778106131,0.4404522996809417,0.641065898902844,-0.3128914406957284,-1.4652585604659125,-0.6648615874736716
-0.19945442336622046,-0.6447802392699837,-1.2512859996597374,-0.04836942352580069,-1.998448987889912,-2.1528583433034405,-0.07960540676168916,1.740560259882899,-0.007671422741655132,0.02530001779773337,0.34323805214552155,0.1592439201289044,0.5390261073914956,-0.012584887143080193,0.1471004242543608
-0.29749185386733323,-0.24057346508353555,0.21196494160618862,0.23232575791261492,0.5169036838815618,-0.8829411891300003,0.5315458435643263,0.2711256539292579,0.6526565564495895,0.6650371094738626,-0.965195641912911,-0.32162580678602753,0.3733068509633122,-0.15836923273155026,-0.1602345786620452
-0.4829773910388674,-0.543863610823981,0.14613849502055956,-0.351509734321951,0.16180737383952962,-0.731468899985639,-0.17249254498104846,-0.5818196755342548,0.9600407111350779,0.4918561536001913,-0.3271730230663767,0.012542613754064591,0.5522048398643078,-0.8095219339044458,0.4377208194236538
-1.183094673803033,-0.3170031587368154,-0.7637246599592441,0.2399199847779212,-0.21575077893491568,-0.7390332798418572,0.5670914081605936,-1.6865633668657287,0.38291245646066113,-0.3293986241611767,0.2685525687719163,-0.06866956984549613,-0.0024566456296386528,-0.8149688255193118,-0.9139641619375097
-1.0953555746711738,-0.31987109189706797,-0.530703697810473,0.15671818291503609,-0.3571446388692196,-0.45260651418513537,0.3608729933348328,-1.3296227409671133,0.3626726589699016,-0.29665310687666857,0.07394551919734202,-0.23391882925677956,0.30773403773493535,-0.7820378424561515,-1.1171839361584834
0.2624103293855155,-0.2193801851036246,-1.8646575708151667,0.000834320125164537,-2.710661703012335,-2.0616965671326906,-0.059677973380429294,2.4788142762200605,-0.12803392958758622,0.15333604390536434,1.0308345619719481,-0.021857474102323825,-0.577636964609447,-0.07571811169006369,0.05843828248272272
0.24241682568049916,0.4890498703141559,-1.651106024701994,0.26351011616649195,-2.2504445821022117,-1.6845758093022736,-0.09457010972343365,2.021986973035109,-0.3554081461943808,0.061942439892293956,0.8777458555243803,0.018547987242424967,-0.2553775306587139,-0.20576411661260088,-0.2617544273917789
-0.049387655968311975,0.0726071737585958,-1.0052054188059998,-0.13375533681928925,-0.8179256618802475,-1.0575838455913789,0.10172729203690048,0.17040797855343007,0.5971883336597831,-0.1662874967616007,-0.07588169069421485,0.09216688130841917,-0.4715087176705562,-0.018373464560674076,-0.4774146667056672
-0.7012434922608614,-0.8012682626505542,-0.3965607019125716,-0.05313768505880815,-0.48107242197152206,-0.19658628676254958,-0.4219170798479151,-0.5598570985784785,0.5179424022162485,0.14957392433093872,-0.1743291217506585,0.11542050655718172,-0.4832924746142924,-0.2572452732314635,-0.2380249195927228
-0.16811348475343568,-0.8076775709138313,-0.6279522758024093,0.42646410284606134,-0.46802781268498,-0.10777651608142967,-0.5181437423835002,-0.2994248828354897,0.7639772972365798,-0.03958597251714392,0.22614720998713778,0.5196103146267672,-0.6631692732005258,-0.7024169642558346,-0.3671077079349179
-0.19735987436989394,-0.5844683122708111,-1.596941965032974,-0.5303792826133901,-2.4599689335268273,-1.8895951219248612,0.22977483295857334,2.6714723962381184,-0.11817337928733657,0.47886375175727086,0.7547645096443902,-0.24701144264906336,-0.04864591485281858,0.8060698157682097,-1.059657495303105
-0.8065906969773812,-1.3524858928505357,-1.0638707023509015,-0.6777002658513411,-1.7959678991572101,-2.394713189489857,0.07828137391706722,1.8509940243596001,0.19417895577350244,-0.49778357691471614,0.9277922841463224,1.0470854454150398,-0.3169968033004021,1.0784476841742143,-0.5392164378799813
-0.21526572682740222,-0.7170185844084589,-1.2066440506696787,-0.2876494521747363,-1.843586047361469,-1.733586717169078,0.41554774546870205,0.555663825056333,0.31938409759372016,-0.6656641554885113,0.7560096153797992,0.145576929172452,0.3585048073806385,0.6890671392778669,-0.501733408886622
-0.8881006831843289,-0.8225476132007041,-0.6474143666451616,-0.2674865995147247,0.025644145461509796,-0.7893324127966947,0.2848568897054679,-0.6309336126673772,0.5088210378891299,0.16198903647045113,-0.522583879164229,0.010903093404254965,0.29181090509862895,-0.776248195511575,-0.5431401583250001
-0.8263897082091337,-0.6185020631751917,-0.5932188300587988,-0.11036583416298663,-0.010878051502817744,-0.4482132357919669,0.10758812443871342,-0.48774611464185585,0.2717020201555743,0.2359759375992378,-0.5951808011987206,-0.41556822068442334,0.26335357929510766,-0.8374866976443073,-0.875402519266416
-0.2599577690398225,0.04442561980281811,-1.7075431411648003,-0.43038689138070707,-2.561085904588786,-2.035483320836916,0.5958242397314206,2.0567022349397557,-0.17908822334402408,0.21627898088913766,0.17609460187784484,-0.13836534774097123,0.3031558803642103,-0.22564525350981438,-0.7662448197513274
-0.13529471275085647,-0.25137627031099996,-1.5380870113986034,0.12120280025957482,-2.280349343183525,-2.2799417816364054,0.12812164097497009,2.8649278866783647,0.5136242027368065,-0.22594000283238147,0.3585764961195486,-0.1348360813884564,0.5830023929682983,-0.03335933092305181,-0.17363557115702494
-0.10864718130693038,0.2173051061380608,-0.20083286179503215,0.20602541098305527,0.12757459268209212,-0.8119038721526676,1.020021048174214,0.46269133570525817,0.17373809904340634,0.823933361048431,0.24725259872195532,-0.3749162964429558,0.508255381441376,-0.6368983545377229,0.14890795182746566
